stellar_mass_msun,rotation_percentile_150Myr,rotation_match_age_myr,wind_speed_kms,current_ram_pressure_nPa,dong_support_entry_age_myr,dong_support_exit_age_myr,fraction_10Myr_to_current_inside_Dong_pressure_support,dong_pressure_support_nPa_low,dong_pressure_support_nPa_high
0.4,2,2725.7792908339616,300.0,27.970760454892723,428.1199792149524,1031.2930592786279,0.22246777163904236,68.86374908578253,169.42235348294153
0.4,2,2725.7792908339616,400.0,37.2943472731903,554.156145198407,1428.4070108296712,0.3222836095764272,68.86374908578253,169.42235348294153
0.4,2,2725.7792908339616,650.0,60.60331431893423,920.2611987693941,2357.673663199745,0.5296500920810314,68.86374908578253,169.42235348294153
0.4,2,2725.7792908339616,800.0,74.5886945463806,1112.3163088394201,2725.7792908339616,0.5942909760589319,68.86374908578253,169.42235348294153
0.4,3,2755.6741600000796,300.0,27.921408500864274,460.1105180328,1062.2583666011235,0.21967213114754103,68.86374908578253,169.42235348294153
0.4,3,2755.6741600000796,400.0,37.228544667819044,596.1439190382685,1460.3561136612443,0.31511839708561024,68.86374908578253,169.42235348294153
0.4,3,2755.6741600000796,650.0,60.49638508520594,950.2308598907377,2397.5862367650966,0.5275045537340619,68.86374908578253,169.42235348294153
0.4,3,2755.6741600000796,800.0,74.45708933563809,1153.280715803312,2755.6741600000796,0.5837887067395263,68.86374908578253,169.42235348294153
0.4,4,2784.3925946395675,300.0,27.883917812317165,493.0683573218858,1083.1518579842307,0.21304974765681328,68.86374908578253,169.42235348294153
0.4,4,2784.3925946395675,400.0,37.17855708308956,617.0859066136328,1480.2080440231307,0.311463590483057,68.86374908578253,169.42235348294153
0.4,4,2784.3925946395675,650.0,60.415155260020526,972.1361485375861,2417.340654397058,0.5212689257390051,68.86374908578253,169.42235348294153
0.4,4,2784.3925946395675,800.0,74.35711416617912,1184.1661521654119,2784.3925946395675,0.5769646719538573,68.86374908578253,169.42235348294153
0.4,5,2806.047639788314,300.0,27.91764293395861,511.0085363140004,1103.0186231361326,0.2120886981402003,68.86374908578253,169.42235348294153
0.4,5,2806.047639788314,400.0,37.22352391194481,645.010819479821,1500.0253874408397,0.30615164520743915,68.86374908578253,169.42235348294153
0.4,5,2806.047639788314,650.0,60.48822635691032,992.0167318569829,2438.041369601583,0.5175250357653791,68.86374908578253,169.42235348294153
0.4,5,2806.047639788314,800.0,74.44704782388962,1206.0203781068753,2806.047639788314,0.5724248927038627,68.86374908578253,169.42235348294153
0.4,6,2825.7792908339616,300.0,27.970760454892723,533.1447847624021,1135.311439498475,0.21420959147424515,68.86374908578253,169.42235348294153
0.4,6,2825.7792908339616,400.0,37.2943472731903,682.1860331937557,1526.4196820263894,0.30017761989342806,68.86374908578253,169.42235348294153
0.4,6,2825.7792908339616,650.0,60.60331431893423,1017.2787729555238,2457.6774155135718,0.5119005328596803,68.86374908578253,169.42235348294153
0.4,6,2825.7792908339616,800.0,74.5886945463806,1239.3402303498895,2825.7792908339616,0.5635879218472468,68.86374908578253,169.42235348294153
0.4,7,2845.669551265021,300.0,27.88533369360784,556.128950614004,1155.2704184121512,0.21164021164021166,68.86374908578253,169.42235348294153
0.4,7,2845.669551265021,400.0,37.18044492481046,699.1627233938623,1543.3620536470114,0.29805996472663143,68.86374908578253,169.42235348294153
0.4,7,2845.669551265021,650.0,60.41822300281699,1033.2416052712933,2477.5826394958754,0.5097001763668431,68.86374908578253,169.42235348294153
0.4,7,2845.669551265021,800.0,74.36088984962092,1258.2947442605807,2845.669551265021,0.5599647266313933,68.86374908578253,169.42235348294153
0.4,8,2875.802334509257,300.0,27.970528119693306,594.1635474182917,1190.330455399973,0.20837696335078537,68.86374908578253,169.42235348294153
0.4,8,2875.802334509257,400.0,37.29403749292442,726.2005136155769,1573.4377133814899,0.29598603839441534,68.86374908578253,169.42235348294153
0.4,8,2875.802334509257,650.0,60.602810926002164,1063.2948894374335,2517.702077701468,0.5078534031413613,68.86374908578253,169.42235348294153
0.4,8,2875.802334509257,800.0,74.58807498584883,1295.3598603296318,2875.802334509257,0.5516579406631763,68.86374908578253,169.42235348294153
0.4,9,2896.0891184038455,300.0,28.008190824480284,616.0187130120341,1218.037302505837,0.208939708939709,68.86374908578253,169.42235348294153
0.4,9,2896.0891184038455,400.0,37.344254432640376,748.0227891136653,1594.0489132195744,0.29348579348579357,68.86374908578253,169.42235348294153
0.4,9,2896.0891184038455,650.0,60.684413453040605,1085.033195524648,2538.078063522149,0.503811503811504,68.86374908578253,169.42235348294153
0.4,9,2896.0891184038455,800.0,74.68850886528075,1322.0405139798495,2896.0891184038455,0.5455647955647955,68.86374908578253,169.42235348294153
0.4,10,2917.695203072506,300.0,27.84481018123194,643.1513806483991,1248.2960651543729,0.20846233230134154,68.86374908578253,169.42235348294153
0.4,10,2917.695203072506,400.0,37.12641357497591,769.1815132893126,1614.3835933017886,0.29102167182662536,68.86374908578253,169.42235348294153
0.4,10,2917.695203072506,650.0,60.33042205933586,1107.262345294303,2557.6091098127526,0.4991400068799449,68.86374908578253,169.42235348294153
0.4,10,2917.695203072506,800.0,74.25282714995183,1353.3211756884675,2917.695203072506,0.5381836945304438,68.86374908578253,169.42235348294153
0.4,11,2928.7012895938137,300.0,27.941299739279405,653.1545336562104,1255.29921368893,0.20664838930774498,68.86374908578253,169.42235348294153
0.4,11,2928.7012895938137,400.0,37.25506631903921,776.1840945266831,1621.387175303507,0.28992460589444824,68.86374908578253,169.42235348294153
0.4,11,2928.7012895938137,650.0,60.53948276843871,1114.2653268374127,2577.6169329634404,0.5017135023989033,68.86374908578253,169.42235348294153
0.4,11,2928.7012895938137,800.0,74.51013263807842,1358.3239679137973,2928.7012895938137,0.538211103495545,68.86374908578253,169.42235348294153
0.4,12,2945.669551265021,300.0,27.88533369360784,674.1514759931769,1273.28812376413,0.20442930153321978,68.86374908578253,169.42235348294153
0.4,12,2945.669551265021,400.0,37.18044492481046,795.1790792991624,1636.3709336820866,0.2868824531516184,68.86374908578253,169.42235348294153
0.4,12,2945.669551265021,650.0,60.41822300281699,1134.256414181221,2577.585600714586,0.49199318568994893,68.86374908578253,169.42235348294153
0.4,12,2945.669551265021,800.0,74.36088984962092,1375.3113926666963,2945.669551265021,0.5350936967632026,68.86374908578253,169.42235348294153
0.4,13,2955.6741600000796,300.0,27.921408500864274,684.1542899287109,1282.2911821800003,0.20339558573853986,68.86374908578253,169.42235348294153
0.4,13,2955.6741600000796,400.0,37.228544667819044,805.1819888625002,1646.3745078981765,0.28590831918505943,68.86374908578253,169.42235348294153
0.4,13,2955.6741600000796,650.0,60.49638508520594,1143.2593627436638,2597.592207782752,0.49405772495755507,68.86374908578253,169.42235348294153
0.4,13,2955.6741600000796,800.0,74.45708933563809,1385.3147606112425,2955.6741600000796,0.533276740237691,68.86374908578253,169.42235348294153
0.4,14,2961.983898133422,300.0,27.857791293596772,692.2273868271751,1290.426767065666,0.20298203998644526,68.86374908578253,169.42235348294153
0.4,14,2961.983898133422,400.0,37.143721724795704,815.2683964748915,1653.5477955381946,0.2843104032531345,68.86374908578253,169.42235348294153
0.4,14,2961.983898133422,650.0,60.358547802793005,1153.3810896531688,2597.8625362491234,0.489664520501525,68.86374908578253,169.42235348294153
0.4,14,2961.983898133422,800.0,74.28744344959141,1395.4617753015214,2961.983898133422,0.5308370044052864,68.86374908578253,169.42235348294153
0.4,15,2975.802334509257,300.0,27.970528119693306,709.1891506988096,1312.3523236192418,0.20370994940978074,68.86374908578253,169.42235348294153
0.4,15,2975.802334509257,400.0,37.29403749292442,837.2237877366459,1673.4500108900147,0.2822934232715008,68.86374908578253,169.42235348294153
0.4,15,2975.802334509257,650.0,60.602810926002164,1174.3149805628245,2617.705459044058,0.48701517706576725,68.86374908578253,169.42235348294153
0.4,15,2975.802334509257,800.0,74.58807498584883,1414.3799250087677,2975.802334509257,0.5266441821247893,68.86374908578253,169.42235348294153
0.4,16,2995.6630301365603,300.0,27.770284945809053,721.1579277812713,1330.2931992563686,0.20435510887772196,68.86374908578253,169.42235348294153
0.4,16,2995.6630301365603,400.0,37.02704659441208,851.1868034656105,1681.3711636040848,0.278391959798995,68.86374908578253,169.42235348294153
0.4,16,2995.6630301365603,650.0,60.168950715919614,1187.2614360035952,2637.5835109443033,0.4860971524288108,68.86374908578253,169.42235348294153
0.4,16,2995.6630301365603,800.0,74.05409318882415,1427.3147449592987,2995.6630301365603,0.5254606365159128,68.86374908578253,169.42235348294153
0.4,17,2996.0891184038455,300.0,27.76598895997869,726.0213693158585,1335.0395451725035,0.20428667113194907,68.86374908578253,169.42235348294153
0.4,17,2996.0891184038455,400.0,37.02131861330493,858.0253089104023,1688.0500806033667,0.2782987273945077,68.86374908578253,169.42235348294153
0.4,17,2996.0891184038455,650.0,60.15964274662049,1194.035336969241,2638.0784337459163,0.4839249832551909,68.86374908578253,169.42235348294153
0.4,17,2996.0891184038455,800.0,74.04263722660986,1432.042440177585,2996.0891184038455,0.5239450770261219,68.86374908578253,169.42235348294153
0.4,18,3005.486747576542,300.0,28.0615968146743,734.1176645226765,1344.2168017586332,0.2040066777963272,68.86374908578253,169.42235348294153
0.4,18,3005.486747576542,400.0,37.41546241956573,868.1394422105752,1694.273683779264,0.27612687813021697,68.86374908578253,169.42235348294153
0.4,18,3005.486747576542,650.0,60.800126431794304,1203.193886430322,2637.4269401948495,0.4791318864774624,68.86374908578253,169.42235348294153
0.4,18,3005.486747576542,800.0,74.83092483913146,1441.2325662043509,3005.486747576542,0.5223706176961603,68.86374908578253,169.42235348294153
0.4,19,3006.047639788314,300.0,28.070079511262566,740.0116078255905,1351.0213234165985,0.2042723631508678,68.86374908578253,169.42235348294153
0.4,19,3006.047639788314,400.0,37.42677268168342,875.0137544782683,1700.0268729112986,0.2757009345794393,68.86374908578253,169.42235348294153
0.4,19,3006.047639788314,650.0,60.81850560773555,1210.019081357135,2658.042106194745,0.48364485981308414,68.86374908578253,169.42235348294153
0.4,19,3006.047639788314,800.0,74.85354536336683,1446.0228340240385,3006.047639788314,0.5208611481975968,68.86374908578253,169.42235348294153
0.4,20,3025.7792908339616,300.0,28.620552274115454,759.1935949700289,1373.3522963206267,0.20398009950248758,68.86374908578253,169.42235348294153
0.4,20,3025.7792908339616,400.0,38.160736365487274,899.2297809457352,1721.4422443173826,0.27296849087893865,68.86374908578253,169.42235348294153
0.4,20,3025.7792908339616,650.0,62.01119659391682,1236.3168857586854,2677.689342837206,0.47827529021558873,68.86374908578253,169.42235348294153
0.4,20,3025.7792908339616,800.0,76.32147273097455,1465.376075676091,3025.7792908339616,0.5175787728026534,68.86374908578253,169.42235348294153
0.4,21,3041.434571925634,300.0,28.857316124134158,773.1093957041434,1390.1978585474676,0.2038931045859452,68.86374908578253,169.42235348294153
0.4,21,3041.434571925634,400.0,38.476421498845546,914.1296116861672,1736.2474665600937,0.2715275486638073,68.86374908578253,169.42235348294153
0.4,21,3041.434571925634,650.0,62.52418493562401,1254.178359444239,2681.3829566523814,0.47113163972286365,68.86374908578253,169.42235348294153
0.4,21,3041.434571925634,800.0,76.95284299769109,1479.2106189900217,3041.434571925634,0.5155064335202904,68.86374908578253,169.42235348294153
0.4,22,3050.5116469818904,300.0,29.24665358594752,787.130772929253,1402.234280460129,0.2026315789473684,68.86374908578253,169.42235348294153
0.4,22,3050.5116469818904,400.0,38.9955381145967,925.153999009352,1747.2923456603762,0.27072368421052634,68.86374908578253,169.42235348294153
0.4,22,3050.5116469818904,650.0,63.367749436219626,1267.2115592948146,2697.452235342217,0.47072368421052635,68.86374908578253,169.42235348294153
0.4,22,3050.5116469818904,800.0,77.9910762291934,1488.2487546839586,3050.5116469818904,0.5139802631578947,68.86374908578253,169.42235348294153
0.4,23,3050.5116469818904,300.0,29.24665358594752,790.1312778440378,1406.234953679842,0.2029605263157895,68.86374908578253,169.42235348294153
0.4,23,3050.5116469818904,400.0,38.9955381145967,927.1543356192085,1750.292850575161,0.2710526315789473,68.86374908578253,169.42235348294153
0.4,23,3050.5116469818904,650.0,63.367749436219626,1268.211727599743,2697.452235342217,0.47039473684210525,68.86374908578253,169.42235348294153
0.4,23,3050.5116469818904,800.0,77.9910762291934,1492.2494279036716,3050.5116469818904,0.5126644736842105,68.86374908578253,169.42235348294153
0.4,24,3059.6247696257415,300.0,29.384476598528146,793.1604442823731,1410.2868735572445,0.2026894063627419,68.86374908578253,169.42235348294153
0.4,24,3059.6247696257415,400.0,39.17930213137086,930.1885169090463,1753.3571575787691,0.2702525418169892,68.86374908578253,169.42235348294153
0.4,24,3059.6247696257415,650.0,63.666365963477645,1275.2592107499386,2697.5505923202254,0.46671039685142673,68.86374908578253,169.42235348294153
0.4,24,3059.6247696257415,800.0,78.35860426274172,1496.3044957900465,3059.6247696257415,0.5127910790423089,68.86374908578253,169.42235348294153
0.4,25,3068.7739398571853,300.0,29.774904397279254,813.2032288114192,1425.3581180176316,0.20045781556572925,68.86374908578253,169.42235348294153
0.4,25,3068.7739398571853,400.0,39.69987252970568,947.2371424611455,1766.4444206635767,0.2681491170699804,68.86374908578253,169.42235348294153
0.4,25,3068.7739398571853,650.0,64.51229286077172,1291.3242043679054,2717.6851063418576,0.46664486592544147,68.86374908578253,169.42235348294153
0.4,25,3068.7739398571853,800.0,79.39974505941136,1509.379377320445,3068.7739398571853,0.5099738391105297,68.86374908578253,169.42235348294153
0.4,26,3077.959157676223,300.0,29.913817746797626,821.2536279345996,1433.445021641104,0.1998695793935442,68.86374908578253,169.42235348294153
0.4,26,3077.959157676223,400.0,39.88509032906351,954.2952216649347,1775.5519769476798,0.2680143462667101,68.86374908578253,169.42235348294153
0.4,26,3077.959157676223,650.0,64.81327178472819,1299.4031151759543,2737.8528278392764,0.4691881317248125,68.86374908578253,169.42235348294153
0.4,26,3077.959157676223,800.0,79.77018065812702,1519.4719168351553,3077.959157676223,0.5081512879034887,68.86374908578253,169.42235348294153
0.4,27,3088.225858749088,300.0,30.098764847071312,839.060830702727,1450.1056649118539,0.19883040935672514,68.86374908578253,169.42235348294153
0.4,27,3088.225858749088,400.0,40.131686462761756,968.0702965177472,1787.130393436364,0.2664067576348278,68.86374908578253,169.42235348294153
0.4,27,3088.225858749088,650.0,65.21399050198784,1317.0959055831895,2737.200102926823,0.4616634178037687,68.86374908578253,169.42235348294153
0.4,27,3088.225858749088,800.0,80.26337292552351,1535.1119020767896,3088.225858749088,0.5047108512020793,68.86374908578253,169.42235348294153
0.4,28,3096.437736077079,300.0,30.4453395689426,847.1187249178598,1456.2051089978797,0.19766688269604668,68.86374908578253,169.42235348294153
0.4,28,3096.437736077079,400.0,40.59378609192348,975.1368811776998,1794.2530528715197,0.2657161373946857,68.86374908578253,169.42235348294153
0.4,28,3096.437736077079,650.0,65.96490239937565,1327.1868108922597,2757.3896503576593,0.4637070641607259,68.86374908578253,169.42235348294153
0.4,28,3096.437736077079,800.0,81.18757218384695,1541.2171658891796,3096.437736077079,0.504050550874919,68.86374908578253,169.42235348294153
0.4,29,3096.728250804774,300.0,30.449733190814563,850.1982276979941,1458.341706793685,0.19734283862605312,68.86374908578253,169.42235348294153
0.4,29,3096.728250804774,400.0,40.59964425441943,977.228197838048,1800.4224137850113,0.2670123136746598,68.86374908578253,169.42235348294153
0.4,29,3096.728250804774,650.0,65.97442191343157,1329.3112646829218,2757.6482517695117,0.46305897602073876,68.86374908578253,169.42235348294153
0.4,29,3096.728250804774,800.0,81.19928850883886,1543.3617655488392,3096.728250804774,0.5034024627349319,68.86374908578253,169.42235348294153
0.4,30,3106.047639788314,300.0,30.40775179551405,855.0130024616037,1463.022358078947,0.19670542635658914,68.86374908578253,169.42235348294153
0.4,30,3106.047639788314,400.0,40.54366906068541,982.0149566777264,1807.0276513887598,0.26679586563307495,68.86374908578253,169.42235348294153
0.4,30,3106.047639788314,650.0,65.88346222361379,1334.0203730877672,2758.0422849283873,0.4602713178294574,68.86374908578253,169.42235348294153
0.4,30,3106.047639788314,800.0,81.08733812137082,1548.0236660188716,3106.047639788314,0.5033914728682171,68.86374908578253,169.42235348294153
0.4,31,3114.4196322824246,300.0,30.31748339187113,863.1153177631792,1470.1973785864498,0.19587628865979384,68.86374908578253,169.42235348294153
0.4,31,3114.4196322824246,400.0,40.42331118916151,989.1323518055714,1814.2438842259967,0.26610824742268036,68.86374908578253,169.42235348294153
0.4,31,3114.4196322824246,650.0,65.68788068238746,1343.180209353245,2757.3713691623134,0.4558634020618557,68.86374908578253,169.42235348294153
0.4,31,3114.4196322824246,800.0,80.84662237832302,1557.2091401871492,3114.4196322824246,0.5017719072164948,68.86374908578253,169.42235348294153
0.4,32,3115.893639137961,300.0,30.510904683297927,870.2475135776639,1474.421348695,0.19484702093397746,68.86374908578253,169.42235348294153
0.4,32,3115.893639137961,400.0,40.68120624439723,995.2834893883709,1815.5194907066086,0.2644122383252818,68.86374908578253,169.42235348294153
0.4,32,3115.893639137961,650.0,66.10696014714551,1349.385372884293,2777.7963605458094,0.46022544283413847,68.86374908578253,169.42235348294153
0.4,32,3115.893639137961,800.0,81.36241248879446,1561.4463878592521,3115.893639137961,0.5006441223832528,68.86374908578253,169.42235348294153
0.4,33,3125.7792908339616,300.0,30.36139826806441,881.2179012251623,1485.3690060931278,0.19422150882825037,68.86374908578253,169.42235348294153
0.4,33,3125.7792908339616,400.0,40.48186435741921,1006.2491729279698,1828.4548156456315,0.26420545746388446,68.86374908578253,169.42235348294153
0.4,33,3125.7792908339616,650.0,65.78302958080623,1361.3379845639429,2777.692230413346,0.4548956661316212,68.86374908578253,169.42235348294153
0.4,33,3125.7792908339616,800.0,80.96372871483842,1571.3905210246594,3125.7792908339616,0.49903691813804174,68.86374908578253,169.42235348294153
0.4,34,3125.7792908339616,300.0,30.36139826806441,884.2186517460296,1485.3690060931278,0.19325842696629214,68.86374908578253,169.42235348294153
0.4,34,3125.7792908339616,400.0,40.48186435741921,1008.2496732752147,1828.4548156456315,0.2635634028892456,68.86374908578253,169.42235348294153
0.4,34,3125.7792908339616,650.0,65.78302958080623,1364.3387350848102,2777.692230413346,0.45393258426966293,68.86374908578253,169.42235348294153
0.4,34,3125.7792908339616,800.0,80.96372871483842,1574.391271545527,3125.7792908339616,0.4980738362760834,68.86374908578253,169.42235348294153
0.4,35,3135.7045948763152,300.0,30.46335178521675,894.1993157986121,1495.3348234852251,0.19264,68.86374908578253,169.42235348294153
0.4,35,3135.7045948763152,400.0,40.617802380289,1019.2274995936648,1840.4126107595705,0.26304000000000005,68.86374908578253,169.42235348294153
0.4,35,3135.7045948763152,650.0,66.00392886796963,1374.3075415716141,2797.6283858944935,0.45568000000000014,68.86374908578253,169.42235348294153
0.4,35,3135.7045948763152,800.0,81.235604760578,1580.353988465861,3135.7045948763152,0.4977599999999999,68.86374908578253,169.42235348294153
0.4,36,3141.434571925634,300.0,30.37669403574733,900.1235289089154,1499.2066680285113,0.1916320664324497,68.86374908578253,169.42235348294153
0.4,36,3141.434571925634,400.0,40.50225871432978,1024.1407396782474,1843.2544140337552,0.2618971574576813,68.86374908578253,169.42235348294153
0.4,36,3141.434571925634,650.0,65.81617041078589,1378.1898736487599,2797.3868259203905,0.453529223890131,68.86374908578253,169.42235348294153
0.4,36,3141.434571925634,800.0,81.00451742865955,1588.219020919403,3141.434571925634,0.49616735867135103,68.86374908578253,169.42235348294153
0.4,37,3145.669551265021,300.0,30.312645999351723,905.191147809312,1502.3186508731771,0.19074960127591706,68.86374908578253,169.42235348294153
0.4,37,3145.669551265021,400.0,40.41686133246896,1030.2178444307244,1850.3929742671892,0.2618819776714513,68.86374908578253,169.42235348294153
0.4,37,3145.669551265021,650.0,65.67739966526207,1384.293449262564,2797.595227871009,0.45103668261563,68.86374908578253,169.42235348294153
0.4,37,3145.669551265021,800.0,80.83372266493792,1592.337872440594,3145.669551265021,0.49553429027113244,68.86374908578253,169.42235348294153
0.4,38,3145.669551265021,300.0,30.312645999351723,905.191147809312,1502.3186508731771,0.19074960127591706,68.86374908578253,169.42235348294153
0.4,38,3145.669551265021,400.0,40.41686133246896,1030.2178444307244,1850.3929742671892,0.2618819776714513,68.86374908578253,169.42235348294153
0.4,38,3145.669551265021,650.0,65.67739966526207,1384.293449262564,2797.595227871009,0.45103668261563,68.86374908578253,169.42235348294153
0.4,38,3145.669551265021,800.0,80.83372266493792,1592.337872440594,3145.669551265021,0.49553429027113244,68.86374908578253,169.42235348294153
0.4,39,3155.6741600000796,300.0,30.301672603025718,914.193780807654,1514.3223963879552,0.19109697933227343,68.86374908578253,169.42235348294153
0.4,39,3155.6741600000796,400.0,40.402230137367624,1039.2205757202166,1857.3959216280275,0.26041335453100156,68.86374908578253,169.42235348294153
0.4,39,3155.6741600000796,650.0,65.6536239732224,1394.296673271895,2817.6017065565097,0.45278219395866454,68.86374908578253,169.42235348294153
0.4,39,3155.6741600000796,800.0,80.80446027473525,1600.3408312877984,3155.6741600000796,0.49459459459459465,68.86374908578253,169.42235348294153
0.4,40,3155.6741600000796,300.0,30.301672603025718,916.194209526255,1514.3223963879552,0.1904610492845787,68.86374908578253,169.42235348294153
0.4,40,3155.6741600000796,400.0,40.402230137367624,1042.2212187981183,1860.396564705929,0.26041335453100156,68.86374908578253,169.42235348294153
0.4,40,3155.6741600000796,650.0,65.6536239732224,1397.2973163497966,2817.6017065565097,0.4518282988871224,68.86374908578253,169.42235348294153
0.4,40,3155.6741600000796,800.0,80.80446027473525,1600.3408312877984,3155.6741600000796,0.49459459459459465,68.86374908578253,169.42235348294153
0.4,41,3165.718421081492,300.0,30.261494989375983,925.2083534990697,1525.3449787443615,0.19049128367670365,68.86374908578253,169.42235348294153
0.4,41,3165.718421081492,400.0,40.348659985834644,1052.2372725093232,1871.4237659691462,0.259904912836767,68.86374908578253,169.42235348294153
0.4,41,3165.718421081492,650.0,65.5665724769813,1406.3178814040452,2817.6391784392226,0.4475435816164818,68.86374908578253,169.42235348294153
0.4,41,3165.718421081492,800.0,80.69731997166929,1609.3641062787021,3165.718421081492,0.4933438985736926,68.86374908578253,169.42235348294153
0.4,42,3168.7739398571853,300.0,30.215284615707102,930.2254669628278,1529.3722655614515,0.18999366687777072,68.86374908578253,169.42235348294153
0.4,42,3168.7739398571853,400.0,40.28704615427614,1056.2563461338239,1873.4565705997263,0.2590246991766941,68.86374908578253,169.42235348294153
0.4,42,3168.7739398571853,650.0,65.46645000069873,1412.3435920455267,2821.688899600553,0.4464851171627612,68.86374908578253,169.42235348294153
0.4,42,3168.7739398571853,800.0,80.57409230855228,1614.3930967482347,3168.7739398571853,0.4922419252691578,68.86374908578253,169.42235348294153
0.4,43,3175.802334509257,300.0,30.108990147563663,934.2342360463043,1533.3860838728588,0.1895734597156398,68.86374908578253,169.42235348294153
0.4,43,3175.802334509257,400.0,40.145320196751555,1061.2664308275605,1880.4740491413302,0.25908372827804105,68.86374908578253,169.42235348294153
0.4,43,3175.802334509257,650.0,65.23614531972127,1415.3561706115343,2837.7166507607167,0.4496050552922591,68.86374908578253,169.42235348294153
0.4,43,3175.802334509257,800.0,80.29064039350311,1619.4078850633157,3175.802334509257,0.49178515007898893,68.86374908578253,169.42235348294153
0.4,44,3177.959157676223,300.0,30.272874820990825,940.2816598165101,1541.4636786871795,0.19008525418377012,68.86374908578253,169.42235348294153
0.4,44,3177.959157676223,400.0,40.36383309465444,1066.319820178747,1886.5681653933043,0.25923586990843067,68.86374908578253,169.42235348294153
0.4,44,3177.959157676223,650.0,65.59122877881346,1421.4273354850493,2837.8561852701873,0.44742658667508683,68.86374908578253,169.42235348294153
0.4,44,3177.959157676223,800.0,80.72766618930888,1627.4897246487062,3177.959157676223,0.4895800442058731,68.86374908578253,169.42235348294153
0.4,45,3177.959157676223,300.0,30.272874820990825,940.2816598165101,1541.4636786871795,0.19008525418377012,68.86374908578253,169.42235348294153
0.4,45,3177.959157676223,400.0,40.36383309465444,1066.319820178747,1886.5681653933043,0.25923586990843067,68.86374908578253,169.42235348294153
0.4,45,3177.959157676223,650.0,65.59122877881346,1421.4273354850493,2837.8561852701873,0.44742658667508683,68.86374908578253,169.42235348294153
0.4,45,3177.959157676223,800.0,80.72766618930888,1627.4897246487062,3177.959157676223,0.4895800442058731,68.86374908578253,169.42235348294153
0.4,46,3185.9259002833755,300.0,30.207945238137192,944.2723750754874,1544.4473483573852,0.1892913385826772,68.86374908578253,169.42235348294153
0.4,46,3185.9259002833755,400.0,40.27726031751626,1070.3091194646859,1886.5470831280668,0.2573228346456693,68.86374908578253,169.42235348294153
0.4,46,3185.9259002833755,650.0,65.45054801596392,1426.4129369452785,2837.8244157798745,0.44472440944881886,68.86374908578253,169.42235348294153
0.4,46,3185.9259002833755,800.0,80.55452063503252,1632.4730111053968,3185.9259002833755,0.4892913385826772,68.86374908578253,169.42235348294153
0.4,47,3185.9259002833755,300.0,30.207945238137192,944.2723750754874,1544.4473483573852,0.1892913385826772,68.86374908578253,169.42235348294153
0.4,47,3185.9259002833755,400.0,40.27726031751626,1070.3091194646859,1886.5470831280668,0.2573228346456693,68.86374908578253,169.42235348294153
0.4,47,3185.9259002833755,650.0,65.45054801596392,1426.4129369452785,2837.8244157798745,0.44472440944881886,68.86374908578253,169.42235348294153
0.4,47,3185.9259002833755,800.0,80.55452063503252,1632.4730111053968,3185.9259002833755,0.4892913385826772,68.86374908578253,169.42235348294153
0.4,48,3185.9259002833755,300.0,30.207945238137192,944.2723750754874,1544.4473483573852,0.1892913385826772,68.86374908578253,169.42235348294153
0.4,48,3185.9259002833755,400.0,40.27726031751626,1070.3091194646859,1886.5470831280668,0.2573228346456693,68.86374908578253,169.42235348294153
0.4,48,3185.9259002833755,650.0,65.45054801596392,1426.4129369452785,2837.8244157798745,0.44472440944881886,68.86374908578253,169.42235348294153
0.4,48,3185.9259002833755,800.0,80.55452063503252,1632.4730111053968,3185.9259002833755,0.4892913385826772,68.86374908578253,169.42235348294153
0.4,49,3187.1804230828548,300.0,30.18897236590311,952.0534965514792,1552.08757078809,0.18917217500786906,68.86374908578253,169.42235348294153
0.4,49,3187.1804230828548,400.0,40.25196315453748,1077.0605953507732,1894.1069931029583,0.25747560591753227,68.86374908578253,169.42235348294153
0.4,49,3187.1804230828548,650.0,65.4094401261234,1435.080926311951,2857.161682252719,0.447906830343091,68.86374908578253,169.42235348294153
0.4,49,3187.1804230828548,800.0,80.50392630907496,1637.0923979716101,3187.1804230828548,0.4880390305319483,68.86374908578253,169.42235348294153
0.4,50,3196.437736077079,300.0,30.048968679447,956.1299743656363,1556.212410538344,0.18863779033270558,68.86374908578253,169.42235348294153
0.4,50,3196.437736077079,400.0,40.065291572596,1081.1471485682837,1900.25967394403,0.2573760200878845,68.86374908578253,169.42235348294153
0.4,50,3196.437736077079,650.0,65.1060988054685,1438.1961980910448,2857.391159639499,0.44569993722536094,68.86374908578253,169.42235348294153
0.4,50,3196.437736077079,800.0,80.130583145192,1641.2240889961445,3196.437736077079,0.48822975517890765,68.86374908578253,169.42235348294153
0.4,51,3196.437736077079,300.0,30.048968679447,961.1306613337421,1561.2130975064501,0.1886377903327056,68.86374908578253,169.42235348294153
0.4,51,3196.437736077079,400.0,40.065291572596,1085.1476981427684,1907.2606356993783,0.2583176396735719,68.86374908578253,169.42235348294153
0.4,51,3196.437736077079,650.0,65.1060988054685,1443.1968850591509,2857.391159639499,0.4441305712492153,68.86374908578253,169.42235348294153
0.4,51,3196.437736077079,800.0,80.130583145192,1648.2250507514927,3196.437736077079,0.4860326428123038,68.86374908578253,169.42235348294153
0.4,52,3196.437736077079,300.0,30.048968679447,961.1306613337421,1561.2130975064501,0.1886377903327056,68.86374908578253,169.42235348294153
0.4,52,3196.437736077079,400.0,40.065291572596,1085.1476981427684,1907.2606356993783,0.2583176396735719,68.86374908578253,169.42235348294153
0.4,52,3196.437736077079,650.0,65.1060988054685,1443.1968850591509,2857.391159639499,0.4441305712492153,68.86374908578253,169.42235348294153
0.4,52,3196.437736077079,800.0,80.130583145192,1648.2250507514927,3196.437736077079,0.4860326428123038,68.86374908578253,169.42235348294153
0.4,53,3206.047639788314,300.0,30.170935835542828,970.0143098237739,1570.0232534636327,0.18804755944931167,68.86374908578253,169.42235348294153
0.4,53,3206.047639788314,400.0,40.22791444739044,1093.016143269945,1914.0283811504848,0.2571964956195244,68.86374908578253,169.42235348294153
0.4,53,3206.047639788314,650.0,65.37036097700945,1453.0215094538603,2878.0427505985244,0.4461827284105131,68.86374908578253,169.42235348294153
0.4,53,3206.047639788314,800.0,80.45582889478088,1657.0245502914122,3206.047639788314,0.4848247809762203,68.86374908578253,169.42235348294153
0.4,54,3215.893639137961,300.0,30.0468468939447,979.2701829406192,1578.437200052519,0.187207488299532,68.86374908578253,169.42235348294153
0.4,54,3215.893639137961,400.0,40.062462525259605,1100.303920954876,1923.5333952171356,0.25709828393135725,68.86374908578253,169.42235348294153
0.4,54,3215.893639137961,650.0,65.10150160354685,1461.4045773445184,2877.7993957592935,0.4421216848673948,68.86374908578253,169.42235348294153
0.4,54,3215.893639137961,800.0,80.12492505051921,1665.4614579635963,3215.893639137961,0.4837753510140405,68.86374908578253,169.42235348294153
0.4,55,3215.893639137961,300.0,30.08690833999472,983.2712982468756,1581.4380365322113,0.18689547581903274,68.86374908578253,169.42235348294153
0.4,55,3215.893639137961,400.0,40.11587778665963,1105.3053150876965,1928.5347893499563,0.2570982839313573,68.86374908578253,169.42235348294153
0.4,55,3215.893639137961,650.0,65.1883014033219,1464.4054138242109,2877.7993957592935,0.44118564742589705,68.86374908578253,169.42235348294153
0.4,55,3215.893639137961,800.0,80.23175557331926,1669.4625732698528,3215.893639137961,0.4825273010920436,68.86374908578253,169.42235348294153
0.4,56,3223.3885645759005,300.0,30.011341618371155,987.1181536229863,1585.1904728313236,0.18643012760659813,68.86374908578253,169.42235348294153
0.4,56,3223.3885645759005,400.0,40.01512215782821,1110.133028644099,1931.2323163866495,0.25583566760037346,68.86374908578253,169.42235348294153
0.4,56,3223.3885645759005,650.0,65.02457350647083,1467.1762024858658,3112.3751407763593,0.4478680361033303,68.86374908578253,169.42235348294153
0.4,56,3223.3885645759005,800.0,80.03024431565642,1671.2008732525896,3223.3885645759005,0.48319327731092443,68.86374908578253,169.42235348294153
0.4,57,3225.7792908339616,300.0,30.17431783228506,991.2377867210316,1588.382494847898,0.1860031104199067,68.86374908578253,169.42235348294153
0.4,57,3225.7792908339616,400.0,40.23242377638009,1115.2678433503975,1935.466604931688,0.2553654743390358,68.86374908578253,169.42235348294153
0.4,57,3225.7792908339616,650.0,65.37768863661763,1473.3546197480828,3114.752385302836,0.45256609642301704,68.86374908578253,169.42235348294153
0.4,57,3225.7792908339616,800.0,80.46484755276018,1675.4035829668885,3225.7792908339616,0.48227060653188175,68.86374908578253,169.42235348294153
0.4,58,3235.7045948763152,300.0,30.049229415160656,999.2160757620699,1595.3462892647935,0.1851162790697674,68.86374908578253,169.42235348294153
0.4,58,3235.7045948763152,400.0,40.065639220214216,1125.2436041200283,1943.422319967726,0.253953488372093,68.86374908578253,169.42235348294153
0.4,58,3235.7045948763152,650.0,65.1066637328481,1479.3209456971492,3114.6781589135135,0.44930232558139527,68.86374908578253,169.42235348294153
0.4,58,3235.7045948763152,800.0,80.13127844042843,1683.365515419558,3235.7045948763152,0.48139534883720936,68.86374908578253,169.42235348294153
0.4,59,3245.669551265021,300.0,30.175700877974755,1015.2080058798596,1610.3311536395775,0.1842349304482226,68.86374908578253,169.42235348294153
0.4,59,3245.669551265021,400.0,40.234267837299676,1142.234291200001,1957.4029725851608,0.2522411128284389,68.86374908578253,169.42235348294153
0.4,59,3245.669551265021,650.0,65.38068523561198,1492.3067310586587,3131.6459565682007,0.46058732612055636,68.86374908578253,169.42235348294153
0.4,59,3245.669551265021,800.0,80.46853567459935,1696.3489531477046,3245.669551265021,0.47897990726429684,68.86374908578253,169.42235348294153
0.4,60,3255.6741600000796,300.0,30.049612985324092,1028.211493029301,1621.3346908351707,0.18305084745762715,68.86374908578253,169.42235348294153
0.4,60,3255.6741600000796,400.0,40.06615064709879,1155.2378777195968,1966.40636578125,0.250231124807396,68.86374908578253,169.42235348294153
0.4,60,3255.6741600000796,650.0,65.10749480153554,1503.310175926077,3131.648398570185,0.4557781201848998,68.86374908578253,169.42235348294153
0.4,60,3255.6741600000796,800.0,80.13230129419757,1705.35214212639,3255.6741600000796,0.47781201848998456,68.86374908578253,169.42235348294153
0.4,61,3255.6741600000796,300.0,30.049612985324092,1028.211493029301,1621.3346908351707,0.18305084745762715,68.86374908578253,169.42235348294153
0.4,61,3255.6741600000796,400.0,40.06615064709879,1155.2378777195968,1966.40636578125,0.250231124807396,68.86374908578253,169.42235348294153
0.4,61,3255.6741600000796,650.0,65.10749480153554,1503.310175926077,3131.648398570185,0.4557781201848998,68.86374908578253,169.42235348294153
0.4,61,3255.6741600000796,800.0,80.13230129419757,1705.35214212639,3255.6741600000796,0.47781201848998456,68.86374908578253,169.42235348294153
0.4,62,3265.718421081492,300.0,30.08867495584784,1040.2273344743278,1633.3582173318778,0.18248847926267284,68.86374908578253,169.42235348294153
0.4,62,3265.718421081492,400.0,40.11823327446379,1167.2553650357256,1980.4348047712872,0.2500768049155146,68.86374908578253,169.42235348294153
0.4,62,3265.718421081492,650.0,65.19212907100366,1512.3315110489712,3140.690831946258,0.4657450076804916,68.86374908578253,169.42235348294153
0.4,62,3265.718421081492,800.0,80.23646654892758,1718.376977943837,3265.718421081492,0.4754224270353302,68.86374908578253,169.42235348294153
0.4,63,3265.718421081492,300.0,30.08867495584784,1040.2273344743278,1633.3582173318778,0.18248847926267284,68.86374908578253,169.42235348294153
0.4,63,3265.718421081492,400.0,40.11823327446379,1167.2553650357256,1980.4348047712872,0.2500768049155146,68.86374908578253,169.42235348294153
0.4,63,3265.718421081492,650.0,65.19212907100366,1512.3315110489712,3140.690831946258,0.4657450076804916,68.86374908578253,169.42235348294153
0.4,63,3265.718421081492,800.0,80.23646654892758,1718.376977943837,3265.718421081492,0.4754224270353302,68.86374908578253,169.42235348294153
0.4,64,3277.959157676223,300.0,30.020815203289203,1052.3059205076904,1643.4794320432422,0.18120599938781756,68.86374908578253,169.42235348294153
0.4,64,3277.959157676223,400.0,40.02775360438561,1177.3426192250238,1987.5804269133437,0.2482399755127028,68.86374908578253,169.42235348294153
0.4,64,3277.959157676223,650.0,65.04509960712662,1524.444494864341,3147.9209910101968,0.4625038261401898,68.86374908578253,169.42235348294153
0.4,64,3277.959157676223,800.0,80.05550720877122,1728.5043871710288,3277.959157676223,0.4742883379247016,68.86374908578253,169.42235348294153
0.4,65,3277.959157676223,300.0,30.020815203289203,1055.3068012769065,1646.4803128124584,0.18120599938781756,68.86374908578253,169.42235348294153
0.4,65,3277.959157676223,400.0,40.02775360438561,1182.344087173717,1993.5821884517757,0.24854606672788493,68.86374908578253,169.42235348294153
0.4,65,3277.959157676223,650.0,65.04509960712662,1529.4459628130344,3147.9209910101968,0.4609733700642792,68.86374908578253,169.42235348294153
0.4,65,3277.959157676223,800.0,80.05550720877122,1732.5055615299837,3277.959157676223,0.473063973063973,68.86374908578253,169.42235348294153
0.4,66,3285.9259002833755,300.0,29.9204104984949,1059.2965708083238,1650.4636569357972,0.18076335877862598,68.86374908578253,169.42235348294153
0.4,66,3285.9259002833755,400.0,39.89388066465987,1185.33219323144,1993.5606290876133,0.2470229007633588,68.86374908578253,169.42235348294153
0.4,66,3285.9259002833755,650.0,64.82755608007228,1532.4302962538313,3154.8888642720403,0.4720610687022899,68.86374908578253,169.42235348294153
0.4,66,3285.9259002833755,800.0,79.78776132931974,1736.4879706531622,3285.9259002833755,0.4731297709923664,68.86374908578253,169.42235348294153
0.4,67,3296.0891184038455,300.0,30.044383272493327,1069.028720751574,1659.0447219257276,0.17985392574558734,68.86374908578253,169.42235348294153
0.4,67,3296.0891184038455,400.0,40.05917769665778,1194.0321108308437,2008.054187027049,0.24802191113816188,68.86374908578253,169.42235348294153
0.4,67,3296.0891184038455,650.0,65.09616375706888,1543.0415759321652,3165.0855656007707,0.470785149117468,68.86374908578253,169.42235348294153
0.4,67,3296.0891184038455,800.0,80.11835539331555,1746.0470814208995,3296.0891184038455,0.471850273889227,68.86374908578253,169.42235348294153
0.4,68,3296.437736077079,300.0,30.039989650621365,1073.1416048234737,1663.220200162937,0.17985392574558734,68.86374908578253,169.42235348294153
0.4,68,3296.437736077079,400.0,40.05331953416182,1198.1582563784448,2008.2661584546572,0.24680462568472308,68.86374908578253,169.42235348294153
0.4,68,3296.437736077079,650.0,65.08664424301296,1545.2044810950445,3164.4201520350293,0.4695678636640292,68.86374908578253,169.42235348294153
0.4,68,3296.437736077079,800.0,80.10663906832364,1750.231789645197,3296.437736077079,0.4706329884357882,68.86374908578253,169.42235348294153
0.4,69,3306.047639788314,300.0,29.934119875571596,1081.0154800404382,1674.0240511552654,0.18021844660194178,68.86374908578253,169.42235348294153
0.4,69,3306.047639788314,400.0,39.91215983409546,1209.0173301293048,2022.0290810843715,0.24696601941747579,68.86374908578253,169.42235348294153
0.4,69,3306.047639788314,650.0,64.85725973040512,1555.0223311507723,3170.0456740688937,0.47815533980582536,68.86374908578253,169.42235348294153
0.4,69,3306.047639788314,800.0,79.82431966819092,1761.025308637542,3306.047639788314,0.46890169902912615,68.86374908578253,169.42235348294153
0.4,70,3306.047639788314,300.0,29.934119875571596,1081.0154800404382,1674.0240511552654,0.18021844660194178,68.86374908578253,169.42235348294153
0.4,70,3306.047639788314,400.0,39.91215983409546,1209.0173301293048,2022.0290810843715,0.24696601941747579,68.86374908578253,169.42235348294153
0.4,70,3306.047639788314,650.0,64.85725973040512,1555.0223311507723,3170.0456740688937,0.47815533980582536,68.86374908578253,169.42235348294153
0.4,70,3306.047639788314,800.0,79.82431966819092,1761.025308637542,3306.047639788314,0.46890169902912615,68.86374908578253,169.42235348294153
0.4,71,3306.047639788314,300.0,29.934119875571596,1085.0155378557154,1678.0241089705426,0.18021844660194175,68.86374908578253,169.42235348294153
0.4,71,3306.047639788314,400.0,39.91215983409546,1215.0174168522205,2029.0291822611064,0.24726941747572817,68.86374908578253,169.42235348294153
0.4,71,3306.047639788314,650.0,64.85725973040512,1561.022417873688,3170.0456740688937,0.4763349514563108,68.86374908578253,169.42235348294153
0.4,71,3306.047639788314,800.0,79.82431966819092,1765.025366452819,3306.047639788314,0.4676881067961164,68.86374908578253,169.42235348294153
0.4,72,3315.893639137961,300.0,30.0468468939447,1091.2922916514783,1685.45290334526,0.18003025718608168,68.86374908578253,169.42235348294153
0.4,72,3315.893639137961,400.0,40.062462525259605,1224.3282535290423,2035.5475398651652,0.24568835098335853,68.86374908578253,169.42235348294153
0.4,72,3315.893639137961,650.0,65.10150160354685,1567.420997318549,3180.8571364802833,0.4771558245083208,68.86374908578253,169.42235348294153
0.4,72,3315.893639137961,800.0,80.12492505051921,1771.476156890151,3315.893639137961,0.46732223903177006,68.86374908578253,169.42235348294153
0.4,73,3315.893639137961,300.0,30.0468468939447,1091.2922916514783,1685.45290334526,0.18003025718608168,68.86374908578253,169.42235348294153
0.4,73,3315.893639137961,400.0,40.062462525259605,1224.3282535290423,2035.5475398651652,0.24568835098335853,68.86374908578253,169.42235348294153
0.4,73,3315.893639137961,650.0,65.10150160354685,1567.420997318549,3180.8571364802833,0.4771558245083208,68.86374908578253,169.42235348294153
0.4,73,3315.893639137961,800.0,80.12492505051921,1771.476156890151,3315.893639137961,0.46732223903177006,68.86374908578253,169.42235348294153
0.4,74,3332.393544456971,300.0,29.920549946921817,1104.129601937365,1699.200089279899,0.17940999397953042,68.86374908578253,169.42235348294153
0.4,74,3332.393544456971,400.0,39.89406659589576,1242.1459502621879,2050.2416708886876,0.24352799518362434,68.86374908578253,169.42235348294153
0.4,74,3332.393544456971,650.0,64.8278582183306,1581.186110277514,3198.3776699966356,0.4858518964479229,68.86374908578253,169.42235348294153
0.4,74,3332.393544456971,800.0,79.78813319179152,1784.210158900261,3332.393544456971,0.46613485851896447,68.86374908578253,169.42235348294153
0.4,75,3341.434571925634,300.0,29.97701462393614,1118.1445528951074,1707.2213955442212,0.17712398679075353,68.86374908578253,169.42235348294153
0.4,75,3341.434571925634,400.0,39.96935283191486,1254.1622958497414,2057.2670575598236,0.24136895827078952,68.86374908578253,169.42235348294153
0.4,75,3341.434571925634,650.0,64.95019835186164,1590.2061313847198,3198.4159157306876,0.48303812668868207,68.86374908578253,169.42235348294153
0.4,75,3341.434571925634,800.0,79.93870566382972,1796.2330067424743,3341.434571925634,0.4639747823476434,68.86374908578253,169.42235348294153
0.4,76,3359.6247696257415,300.0,29.99982352772746,1146.2119254388897,1733.3214326859218,0.1755747984472977,68.86374908578253,169.42235348294153
0.4,76,3359.6247696257415,400.0,39.999764703636615,1278.2365505779158,2080.3861669529065,0.23977306658704084,68.86374908578253,169.42235348294153
0.4,76,3359.6247696257415,650.0,64.99961764340951,1612.2988596418147,3217.59827894588,0.47954613317408173,68.86374908578253,169.42235348294153
0.4,76,3359.6247696257415,800.0,79.99952940727323,1819.3374763371053,3359.6247696257415,0.4599880561361601,68.86374908578253,169.42235348294153
0.4,77,3375.802334509257,300.0,29.987005061306295,1161.2744389361528,1746.4139235388022,0.17414561664190192,68.86374908578253,169.42235348294153
0.4,77,3375.802334509257,400.0,39.98267341507506,1291.3054355145196,2093.496660559519,0.23863298662704308,68.86374908578253,169.42235348294153
0.4,77,3375.802334509257,650.0,64.97184429949698,1627.385549747836,3230.767761402617,0.47667161961367005,68.86374908578253,169.42235348294153
0.4,77,3375.802334509257,800.0,79.96534683015012,1832.4344289675678,3375.802334509257,0.4586924219910848,68.86374908578253,169.42235348294153
0.4,78,3377.959157676223,300.0,30.020815203289203,1170.3304493330618,1754.4968134800515,0.17374517374517376,68.86374908578253,169.42235348294153
0.4,78,3377.959157676223,400.0,40.02775360438561,1298.3669127077444,2107.5973726305438,0.24057024057024065,68.86374908578253,169.42235348294153
0.4,78,3377.959157676223,650.0,65.04509960712662,1635.4629139364013,3237.9192758601644,0.4760914760914762,68.86374908578253,169.42235348294153
0.4,78,3377.959157676223,800.0,80.05550720877122,1841.5215971800312,3377.959157676223,0.4563409563409563,68.86374908578253,169.42235348294153
0.4,79,3406.047639788314,300.0,29.918876217841202,1191.0165673115428,1775.0247597839736,0.17226148409893993,68.86374908578253,169.42235348294153
0.4,79,3406.047639788314,400.0,39.8918349571216,1326.018461119382,2129.0297257689745,0.23674911660777384,68.86374908578253,169.42235348294153
0.4,79,3406.047639788314,650.0,64.8242318053226,1658.0231184838462,3258.045563613794,0.4714369846878681,68.86374908578253,169.42235348294153
0.4,79,3406.047639788314,800.0,79.7836699142432,1864.0260082943269,3406.047639788314,0.4542108362779741,68.86374908578253,169.42235348294153
0.4,80,3415.893639137961,300.0,29.834848722293096,1201.3125768614718,1788.4666344749767,0.1726872246696036,68.86374908578253,169.42235348294153
0.4,80,3415.893639137961,400.0,39.779798296390794,1340.3490572844312,2142.559541451434,0.23582966226138036,68.86374908578253,169.42235348294153
0.4,80,3415.893639137961,650.0,64.64217223163504,1670.435665482824,3264.8540093259694,0.46842878120411163,68.86374908578253,169.42235348294153
0.4,80,3415.893639137961,800.0,79.55959659278159,1875.4894675454618,3415.893639137961,0.4524229074889867,68.86374908578253,169.42235348294153
0.4,81,3415.893639137961,300.0,29.834848722293096,1209.3146764541602,1792.4676842713206,0.17151248164464025,68.86374908578253,169.42235348294153
0.4,81,3415.893639137961,400.0,39.779798296390794,1346.3506319789476,2150.5616410441226,0.23641703377386203,68.86374908578253,169.42235348294153
0.4,81,3415.893639137961,650.0,64.64217223163504,1675.4369777282543,3264.8540093259694,0.4669603524229075,68.86374908578253,169.42235348294153
0.4,81,3415.893639137961,800.0,79.55959659278159,1879.490517341806,3415.893639137961,0.4512481644640235,68.86374908578253,169.42235348294153
0.4,82,3425.7792908339616,300.0,29.922258214583437,1217.2754331000267,1798.4080152301972,0.17042459736456808,68.86374908578253,169.42235348294153
0.4,82,3425.7792908339616,400.0,39.89634428611125,1353.3064678155229,2154.4892531619366,0.2348462664714495,68.86374908578253,169.42235348294153
0.4,82,3425.7792908339616,650.0,64.83155946493078,1681.381316247013,3277.745517761216,0.4676427525622255,68.86374908578253,169.42235348294153
0.4,82,3425.7792908339616,800.0,79.7926885722225,1887.428324713132,3425.7792908339616,0.45051244509516836,68.86374908578253,169.42235348294153
0.4,83,3445.669551265021,300.0,29.786696138896172,1240.2397519813612,1818.35241592057,0.1685589519650655,68.86374908578253,169.42235348294153
0.4,83,3445.669551265021,400.0,39.71559485186157,1372.2654814622877,2171.4212227900175,0.23289665211062593,68.86374908578253,169.42235348294153
0.4,83,3445.669551265021,650.0,64.53784163427504,1697.328830563054,3281.6375843341725,0.46142649199417757,68.86374908578253,169.42235348294153
0.4,83,3445.669551265021,800.0,79.43118970372313,1905.3693739875443,3445.669551265021,0.448471615720524,68.86374908578253,169.42235348294153
0.4,84,3455.6741600000796,300.0,29.93788544247726,1256.2438326154133,1833.3567470769651,0.16777939042089984,68.86374908578253,169.42235348294153
0.4,84,3455.6741600000796,400.0,39.91718058996968,1386.2692726154162,2186.4258264615887,0.23251088534107403,68.86374908578253,169.42235348294153
0.4,84,3455.6741600000796,650.0,64.86541845870074,1712.3330683077315,3297.6432406154604,0.46037735849056594,68.86374908578253,169.42235348294153
0.4,84,3455.6741600000796,800.0,79.83436117993936,1919.3735766154286,3455.6741600000796,0.44600870827285927,68.86374908578253,169.42235348294153
0.4,85,3459.6247696257415,300.0,29.898053876399953,1260.226431438729,1837.3309521908463,0.16758480719049,68.86374908578253,169.42235348294153
0.4,85,3459.6247696257415,400.0,39.864071835199944,1389.2497991632058,2186.3941718485394,0.23137141200347924,68.86374908578253,169.42235348294153
0.4,85,3459.6247696257415,650.0,64.77911673219991,1715.3088524824263,3297.595424111282,0.45897361554073635,68.86374908578253,169.42235348294153
0.4,85,3459.6247696257415,800.0,79.72814367039989,1924.346711818982,3459.6247696257415,0.44520150768338657,68.86374908578253,169.42235348294153
0.4,86,3475.802334509257,300.0,29.795937986733353,1274.2926842192498,1850.4260593065028,0.1665223665223665,68.86374908578253,169.42235348294153
0.4,86,3475.802334509257,400.0,39.72791731564447,1402.3223231275283,2207.508724074123,0.23261183261183255,68.86374908578253,169.42235348294153
0.4,86,3475.802334509257,650.0,64.55786563792228,1732.3987359379337,3317.7657489818503,0.45772005772005764,68.86374908578253,169.42235348294153
0.4,86,3475.802334509257,800.0,79.45583463128894,1936.4459729480025,3475.802334509257,0.44430014430014436,68.86374908578253,169.42235348294153
0.4,87,3477.959157676223,300.0,29.965259140389673,1281.3516265954656,1857.5109790100905,0.1664263051629651,68.86374908578253,169.42235348294153
0.4,87,3477.959157676223,400.0,39.9536788538529,1411.3875915501553,2214.6097443087383,0.231900778771272,68.86374908578253,169.42235348294153
0.4,87,3477.959157676223,650.0,64.92472813751097,1738.4780572438747,3317.914893116605,0.4557254110181713,68.86374908578253,169.42235348294153
0.4,87,3477.959157676223,800.0,79.9073577077058,1945.5353245178806,3477.959157676223,0.442024805307182,68.86374908578253,169.42235348294153
0.4,88,3485.9259002833755,300.0,29.884935376554232,1286.339985255133,1863.493724669092,0.16633093525179857,68.86374908578253,169.42235348294153
0.4,88,3485.9259002833755,400.0,39.84658050207231,1417.3748896974703,2215.5875137049907,0.22992805755395682,68.86374908578253,169.42235348294153
0.4,88,3485.9259002833755,650.0,64.75069331586751,1745.462284026376,3330.884601134045,0.45640287769784166,68.86374908578253,169.42235348294153
0.4,88,3485.9259002833755,800.0,79.69316100414461,1950.516905481942,3485.9259002833755,0.4418705035971223,68.86374908578253,169.42235348294153
0.4,89,3496.437736077079,300.0,29.787930032919743,1296.1614826721527,1874.2340619758106,0.16609294320137694,68.86374908578253,169.42235348294153
0.4,89,3496.437736077079,400.0,39.71724004389299,1431.1784345856368,2231.2788903692467,0.22977624784853706,68.86374908578253,169.42235348294153
0.4,89,3496.437736077079,650.0,64.54051507132611,1755.2191191779987,3337.417770490087,0.4541021227768217,68.86374908578253,169.42235348294153
0.4,89,3496.437736077079,800.0,79.43448008778599,1961.2449865422782,3496.437736077079,0.44047619047619047,68.86374908578253,169.42235348294153
0.4,90,3506.047639788314,300.0,29.682060257869974,1302.017606008725,1881.0254960079908,0.16590389016018303,68.86374908578253,169.42235348294153
0.4,90,3506.047639788314,400.0,39.57608034382663,1438.019459272801,2236.0303335723074,0.22854691075514874,68.86374908578253,169.42235348294153
0.4,90,3506.047639788314,650.0,64.31113055871828,1762.023874401924,3338.0453504621023,0.4510869565217392,68.86374908578253,169.42235348294153
0.4,90,3506.047639788314,800.0,79.15216068765326,1970.0267088058054,3506.047639788314,0.43950228832951943,68.86374908578253,169.42235348294153
0.4,91,3506.047639788314,300.0,29.918876217841202,1310.0177150242587,1888.025591396583,0.16561784897025172,68.86374908578253,169.42235348294153
0.4,91,3506.047639788314,400.0,39.8918349571216,1444.0195410344515,2243.0304289609,0.22883295194508013,68.86374908578253,169.42235348294153
0.4,91,3506.047639788314,650.0,64.8242318053226,1767.0239425366326,3348.0454867315198,0.4525171624713959,68.86374908578253,169.42235348294153
0.4,91,3506.047639788314,800.0,79.7836699142432,1975.026776940514,3506.047639788314,0.43807208237986267,68.86374908578253,169.42235348294153
0.4,92,3525.7792908339616,300.0,29.735177778804086,1333.2933148715024,1902.4194646537285,0.16216216216216217,68.86374908578253,169.42235348294153
0.4,92,3525.7792908339616,400.0,39.64690370507211,1462.3219147342568,2264.4997216329302,0.22844950213371268,68.86374908578253,169.42235348294153
0.4,92,3525.7792908339616,650.0,64.42621852074218,1784.393303538961,3364.7435964316096,0.4497866287339972,68.86374908578253,169.42235348294153
0.4,92,3525.7792908339616,800.0,79.29380741014423,1991.4391963419853,3525.7792908339616,0.43655761024182077,68.86374908578253,169.42235348294153
0.4,93,3525.7792908339616,300.0,29.922258214583437,1338.2944233933147,1910.4212382886278,0.16301564722617354,68.86374908578253,169.42235348294153
0.4,93,3525.7792908339616,400.0,39.89634428611125,1466.3228015517063,2266.5001650416552,0.22788051209103843,68.86374908578253,169.42235348294153
0.4,93,3525.7792908339616,650.0,64.83155946493078,1789.3944120607732,3364.7435964316096,0.4483641536273116,68.86374908578253,169.42235348294153
0.4,93,3525.7792908339616,800.0,79.7926885722225,1996.4403048637973,3525.7792908339616,0.43513513513513513,68.86374908578253,169.42235348294153
0.4,94,3541.434571925634,300.0,29.829394829826576,1353.1652874812025,1922.2353162055542,0.16142735768903993,68.86374908578253,169.42235348294153
0.4,94,3541.434571925634,400.0,39.772526439768775,1478.1806716473607,2280.2793764574308,0.2274143302180685,68.86374908578253,169.42235348294153
0.4,94,3541.434571925634,650.0,64.63035546462424,1800.2203012593839,3377.414387899634,0.4468988954970263,68.86374908578253,169.42235348294153
0.4,94,3541.434571925634,800.0,79.54505287953755,2010.2461466585296,3541.434571925634,0.4337298215802889,68.86374908578253,169.42235348294153
0.4,95,3565.718421081492,300.0,29.836615338146213,1377.276253619803,1948.3916455853534,0.16090014064697608,68.86374908578253,169.42235348294153
0.4,95,3565.718421081492,400.0,39.78215378419495,1498.3007062079494,2300.462780387234,0.22587904360056263,68.86374908578253,169.42235348294153
0.4,95,3565.718421081492,650.0,64.6459998993168,1827.367192997207,3397.6844703805946,0.4419127988748242,68.86374908578253,169.42235348294153
0.4,95,3565.718421081492,800.0,79.5643075683899,2036.4094292858235,3565.718421081492,0.43023909985935305,68.86374908578253,169.42235348294153
0.4,96,3577.959157676223,300.0,29.768755585587577,1392.3716164588002,1965.5256947734838,0.1609195402298851,68.86374908578253,169.42235348294153
0.4,96,3577.959157676223,400.0,39.69167411411677,1517.4052286565934,2321.6214223127986,0.22567984300532665,68.86374908578253,169.42235348294153
0.4,96,3577.959157676223,650.0,64.49897043543976,1845.4934270636024,3417.916134063048,0.44098682366134007,68.86374908578253,169.42235348294153
0.4,96,3577.959157676223,800.0,79.38334822823354,2054.5496266583123,3577.959157676223,0.4271096159237454,68.86374908578253,169.42235348294153
0.4,97,3587.1804230828548,300.0,29.87228679506484,1400.0701112902343,1974.0990637223167,0.16074923119932907,68.86374908578253,169.42235348294153
0.4,97,3587.1804230828548,400.0,39.82971572675313,1528.0765675817092,2331.1170707227584,0.22476935979871404,68.86374908578253,169.42235348294153
0.4,97,3587.1804230828548,650.0,64.72328805597382,1854.0930109490591,3417.17184832074,0.43723790886217506,68.86374908578253,169.42235348294153
0.4,97,3587.1804230828548,800.0,79.65943145350626,2064.10360330226,3587.1804230828548,0.42591557170813527,68.86374908578253,169.42235348294153
0.4,98,3606.047639788314,300.0,29.682060257869974,1417.0186399282975,1988.0262045331717,0.15906562847608458,68.86374908578253,169.42235348294153
0.4,98,3606.047639788314,400.0,39.57608034382663,1543.0203091756077,2346.030947315212,0.22358175750834264,68.86374908578253,169.42235348294153
0.4,98,3606.047639788314,650.0,64.31113055871828,1869.0246280218232,3438.045414125234,0.43659621802002224,68.86374908578253,169.42235348294153
0.4,98,3606.047639788314,800.0,79.15216068765326,2078.027396852679,3606.047639788314,0.425055617352614,68.86374908578253,169.42235348294153
0.45,2,3465.6344538649882,300.0,25.329573712532515,399.07143344529095,1124.204567758494,0.2101302460202605,68.86374908578253,169.42235348294153
0.45,2,3465.6344538649882,400.0,33.77276495004336,563.1015493451051,1593.290691886621,0.29840810419681624,68.86374908578253,169.42235348294153
0.45,2,3465.6344538649882,650.0,54.880743043820445,990.1799608647433,2672.4888324713743,0.4871201157742402,68.86374908578253,169.42235348294153
0.45,2,3465.6344538649882,800.0,67.54552990008672,1221.222380211433,3384.6195795486165,0.6263386396526773,68.86374908578253,169.42235348294153
0.45,3,3522.8425285997773,300.0,25.3313524492876,466.10939437400293,1178.280203133411,0.20301822323462412,68.86374908578253,169.42235348294153
0.45,3,3522.8425285997773,400.0,33.775136599050136,647.1528162636839,1646.3924763067298,0.28473804100227784,68.86374908578253,169.42235348294153
0.45,3,3522.8425285997773,650.0,54.88459697345647,1046.2485363409364,2721.650368745443,0.4772209567198178,68.86374908578253,169.42235348294153
0.45,3,3522.8425285997773,800.0,67.55027319810027,1276.303713327824,3450.8252558038816,0.6193052391799544,68.86374908578253,169.42235348294153
0.45,4,3532.353788043629,300.0,25.286764635508955,471.0463078614744,1183.1178288969838,0.20244179443498014,68.86374908578253,169.42235348294153
0.45,4,3532.353788043629,400.0,33.71568618067861,650.0642885712443,1650.1647394638137,0.28421351504826803,68.86374908578253,169.42235348294153
0.45,4,3532.353788043629,650.0,54.78799004360274,1051.1045693791646,2722.272422820648,0.47473026689381037,68.86374908578253,169.42235348294153
0.45,4,3532.353788043629,800.0,67.43137236135722,1281.1276730844556,3451.3456515213306,0.6164111300397501,68.86374908578253,169.42235348294153
0.45,5,3557.315744448335,300.0,25.3489063897173,499.04352947145077,1208.1066427541882,0.20016915703411334,68.86374908578253,169.42235348294153
0.45,5,3557.315744448335,400.0,33.798541852956404,670.0587514338599,1671.147857775214,0.28249224696926983,68.86374908578253,169.42235348294153
0.45,5,3557.315744448335,650.0,54.92263051105415,1072.09453639812,2747.2436404158707,0.4725119819565831,68.86374908578253,169.42235348294153
0.45,5,3557.315744448335,800.0,67.59708370591281,1305.1152774346192,3484.309246183681,0.6146038906117847,68.86374908578253,169.42235348294153
0.45,6,3580.0117213715444,300.0,25.3571089062504,522.0016810482439,1226.003992489579,0.19747899159663865,68.86374908578253,169.42235348294153
0.45,6,3580.0117213715444,400.0,33.8094785416672,687.0022227923068,1687.0055060896582,0.28039215686274505,68.86374908578253,169.42235348294153
0.45,6,3580.0117213715444,650.0,54.94040263020919,1091.0035492444367,2772.0090684672846,0.47114845938375355,68.86374908578253,169.42235348294153
0.45,6,3580.0117213715444,800.0,67.6189570833344,1327.0043241026117,3518.0115178071082,0.6140056022408963,68.86374908578253,169.42235348294153
0.45,7,3582.4759625848073,300.0,25.338474835306208,530.0692890660974,1233.162962553533,0.19708846584546472,68.86374908578253,169.42235348294153
0.45,7,3582.4759625848073,400.0,33.784633113741606,694.0911417715589,1693.2242567273884,0.27995520716685335,68.86374908578253,169.42235348294153
0.45,7,3582.4759625848073,650.0,54.90002880983011,1097.1448407977844,2777.3686977805605,0.47060470324748044,68.86374908578253,169.42235348294153
0.45,7,3582.4759625848073,800.0,67.56926622748321,1332.1761541257322,3517.4673014515456,0.6119820828667413,68.86374908578253,169.42235348294153
0.45,8,3594.4456350871737,300.0,25.247962703057404,537.0655272575169,1242.1531870612162,0.19698660714285718,68.86374908578253,169.42235348294153
0.45,8,3594.4456350871737,400.0,33.66395027074321,699.0856703613457,1700.2101348485837,0.2795758928571429,68.86374908578253,169.42235348294153
0.45,8,3594.4456350871737,650.0,54.70391918995771,1103.1359037807704,2797.3465359899424,0.47293526785714285,68.86374908578253,169.42235348294153
0.45,8,3594.4456350871737,800.0,67.32790054148641,1340.165372395631,3517.436060895848,0.6077008928571429,68.86374908578253,169.42235348294153
0.45,9,3608.691845929525,300.0,25.40105894044891,557.1051805790578,1257.2397809544518,0.19483046136742635,68.86374908578253,169.42235348294153
0.45,9,3608.691845929525,400.0,33.86807858726521,716.1357540928973,1717.3282326297106,0.2784880489160645,68.86374908578253,169.42235348294153
0.45,9,3608.691845929525,650.0,55.035627704305966,1120.2134377381246,2797.5359017803185,0.4663702056698166,68.86374908578253,169.42235348294153
0.45,9,3608.691845929525,800.0,67.73615717453042,1355.258625007007,3526.6760784569788,0.60366870483602,68.86374908578253,169.42235348294153
0.45,10,3622.8425285997773,300.0,25.3371101283138,580.1329571710612,1274.2948383582832,0.19241417497231453,68.86374908578253,169.42235348294153
0.45,10,3622.8425285997773,400.0,33.7828135044184,732.1684124166776,1731.401437353327,0.27685492801771877,68.86374908578253,169.42235348294153
0.45,10,3622.8425285997773,650.0,54.897071944679894,1139.2633485019792,2821.6556887857073,0.4659468438538206,68.86374908578253,169.42235348294153
0.45,10,3622.8425285997773,800.0,67.5656270088368,1371.317464403183,3550.825734009749,0.6035437430786269,68.86374908578253,169.42235348294153
0.45,11,3644.809983529512,300.0,25.405121747988634,609.1335113192564,1291.2855225375083,0.18794716565767752,68.86374908578253,169.42235348294153
0.45,11,3644.809983529512,400.0,33.87349566398485,750.1649388585137,1750.3878292078566,0.2754540451293341,68.86374908578253,169.42235348294153
0.45,11,3644.809983529512,650.0,55.04443045397537,1158.2558781210455,2847.6323399210855,0.46505228398459003,68.86374908578253,169.42235348294153
0.45,11,3644.809983529512,800.0,67.7469913279697,1390.3075886820932,3576.7948269857566,0.6018161805173362,68.86374908578253,169.42235348294153
0.45,12,3651.3138325675095,300.0,25.386727380071292,622.0527507638878,1299.1111041415872,0.18621257896182364,68.86374908578253,169.42235348294153
0.45,12,3651.3138325675095,400.0,33.84896984009506,758.064473155863,1757.1505810204446,0.274649821477616,68.86374908578253,169.42235348294153
0.45,12,3651.3138325675095,650.0,55.00457599015447,1165.0995541377295,2847.2445325443623,0.4622356495468277,68.86374908578253,169.42235348294153
0.45,12,3651.3138325675095,800.0,67.69793968019012,1396.1194649652755,3584.3080575655804,0.6012084592145015,68.86374908578253,169.42235348294153
0.45,13,3657.315744448335,300.0,25.377800358985162,630.0536774219818,1308.1123762802135,0.18618042226487524,68.86374908578253,169.42235348294153
0.45,13,3657.315744448335,400.0,33.837067145313554,765.0653652477359,1764.1518551583163,0.2741979709350151,68.86374908578253,169.42235348294153
0.45,13,3657.315744448335,650.0,54.98523411113452,1172.1006018779724,2872.247781905987,0.4664107485604606,68.86374908578253,169.42235348294153
0.45,13,3657.315744448335,800.0,67.67413429062711,1424.1224191527133,3584.3094243647793,0.5925418151905677,68.86374908578253,169.42235348294153
0.45,14,3680.0117213715444,300.0,25.3571089062504,645.0020280847223,1325.0041998919837,0.18555858310626702,68.86374908578253,169.42235348294153
0.45,14,3680.0117213715444,400.0,33.8094785416672,781.0024624461745,1779.0056498927142,0.2722070844686648,68.86374908578253,169.42235348294153
0.45,14,3680.0117213715444,650.0,54.94040263020919,1188.0037623366973,2872.0091407535037,0.45912806539509526,68.86374908578253,169.42235348294153
0.45,14,3680.0117213715444,800.0,67.6189570833344,1499.004755619136,3618.011523353823,0.5776566757493188,68.86374908578253,169.42235348294153
0.45,15,3682.4759625848073,300.0,25.338474835306208,654.0834749195577,1333.1714865195263,0.1851851851851852,68.86374908578253,169.42235348294153
0.45,15,3682.4759625848073,400.0,33.784633113741606,791.1012327828798,1786.2302041259854,0.2712418300653595,68.86374908578253,169.42235348294153
0.45,15,3682.4759625848073,650.0,54.90002880983011,1197.1538582756446,2897.3742113241665,0.463235294117647,68.86374908578253,169.42235348294153
0.45,15,3682.4759625848073,800.0,67.56926622748321,1510.1944291604607,3617.4675373211876,0.5740740740740741,68.86374908578253,169.42235348294153
0.45,16,3695.1304198024536,300.0,25.48256987832318,664.0231464181288,1346.047283814404,0.1853459972862958,68.86374908578253,169.42235348294153
0.45,16,3695.1304198024536,400.0,33.97675983776424,801.0279951326298,1800.0633518172028,0.27137042062415195,68.86374908578253,169.42235348294153
0.45,16,3695.1304198024536,650.0,55.21223473636689,1207.0423643157496,2897.1021769252875,0.458887381275441,68.86374908578253,169.42235348294153
0.45,16,3695.1304198024536,800.0,67.95351967552848,1515.0532650753576,3627.128013141242,0.5734056987788332,68.86374908578253,169.42235348294153
0.45,17,3708.691845929525,300.0,25.40105894044891,669.1232900128601,1351.2508830155468,0.1846944294213088,68.86374908578253,169.42235348294153
0.45,17,3708.691845929525,400.0,33.86807858726521,807.1491079518202,1800.3348848604244,0.26879394267171447,68.86374908578253,169.42235348294153
0.45,17,3708.691845929525,650.0,55.035627704305966,1213.2250650765868,2897.5401187665057,0.45565170362358026,68.86374908578253,169.42235348294153
0.45,17,3708.691845929525,800.0,67.73615717453042,1524.2832489825041,3626.67650483536,0.5686857760951866,68.86374908578253,169.42235348294153
0.45,18,3708.691845929525,300.0,25.403249803811025,672.1238512724027,1355.2516313616038,0.18496484586262846,68.86374908578253,169.42235348294153
0.45,18,3708.691845929525,400.0,33.8709997384147,810.1496692113628,1808.336381552538,0.2701460248783126,68.86374908578253,169.42235348294153
0.45,18,3708.691845929525,650.0,55.04037457492389,1217.2258134226436,2917.5438604967894,0.45997836668469444,68.86374908578253,169.42235348294153
0.45,18,3708.691845929525,800.0,67.7419994768294,1525.2834360690183,3626.67650483536,0.5684153596538669,68.86374908578253,169.42235348294153
0.45,19,3722.8425285997773,300.0,25.3313524492876,683.1527537035695,1366.3077771501341,0.18426724137931036,68.86374908578253,169.42235348294153
0.45,19,3722.8425285997773,400.0,33.775136599050136,824.1847570798003,1817.4101425592125,0.2677801724137931,68.86374908578253,169.42235348294153
0.45,19,3722.8425285997773,650.0,54.88459697345647,1230.276908645401,2921.6607221858703,0.4558189655172413,68.86374908578253,169.42235348294153
0.45,19,3722.8425285997773,800.0,67.55027319810027,1538.3468167296496,3650.8261864502124,0.5692349137931034,68.86374908578253,169.42235348294153
0.45,20,3722.8425285997773,300.0,25.3371101283138,687.1536616007676,1370.3086850473321,0.18426724137931036,68.86374908578253,169.42235348294153
0.45,20,3722.8425285997773,400.0,33.7828135044184,829.1858919512978,1823.4115044050097,0.26804956896551724,68.86374908578253,169.42235348294153
0.45,20,3722.8425285997773,650.0,54.897071944679894,1234.2778165425989,2921.6607221858703,0.45474137931034475,68.86374908578253,169.42235348294153
0.45,20,3722.8425285997773,800.0,67.5656270088368,1538.3468167296496,3650.8261864502124,0.5692349137931034,68.86374908578253,169.42235348294153
0.45,21,3737.0498574791054,300.0,25.448595364027263,696.0091768797065,1379.018313627286,0.1835256238261336,68.86374908578253,169.42235348294153
0.45,21,3737.0498574791054,400.0,33.93146048536969,842.0111299765537,1834.0244003332136,0.26643412932653604,68.86374908578253,169.42235348294153
0.45,21,3737.0498574791054,650.0,55.13862328872573,1245.0165210589469,2947.0392893523294,0.4569358733565871,68.86374908578253,169.42235348294153
0.45,21,3737.0498574791054,800.0,67.86292097073938,1550.0206011585246,3677.049054836565,0.5709686074590823,68.86374908578253,169.42235348294153
0.45,22,3751.3138325675095,300.0,25.386727380071292,707.0584713444412,1391.1158521186128,0.18310612135792567,68.86374908578253,169.42235348294153
0.45,22,3751.3138325675095,400.0,33.84896984009506,857.0710548475489,1846.15402207804,0.264635124298316,68.86374908578253,169.42235348294153
0.45,22,3751.3138325675095,650.0,55.00457599015447,1258.1046947458572,2947.2463849908518,0.4517508687516707,68.86374908578253,169.42235348294153
0.45,22,3751.3138325675095,800.0,67.69793968019012,1559.1299456420936,3684.3082119361216,0.5682972467254745,68.86374908578253,169.42235348294153
0.45,23,3751.3138325675095,300.0,25.386727380071292,709.0586391244825,1395.1161876786957,0.18364073777064957,68.86374908578253,169.42235348294153
0.45,23,3751.3138325675095,400.0,33.84896984009506,860.0713065176111,1846.15402207804,0.2638331996792302,68.86374908578253,169.42235348294153
0.45,23,3751.3138325675095,650.0,55.00457599015447,1258.1046947458572,2947.2463849908518,0.4517508687516707,68.86374908578253,169.42235348294153
0.45,23,3751.3138325675095,800.0,67.69793968019012,1562.1301973121558,3684.3082119361216,0.5674953221063886,68.86374908578253,169.42235348294153
0.45,24,3757.315744448335,300.0,25.392247343619097,720.0598288119344,1413.1182251030195,0.18521483853749665,68.86374908578253,169.42235348294153
0.45,24,3757.315744448335,400.0,33.85632979149213,875.0728900314411,1854.1553863791648,0.26154256738724313,68.86374908578253,169.42235348294153
0.45,24,3757.315744448335,650.0,55.01653591117471,1268.1060065428358,2972.249595691478,0.45503069121964235,68.86374908578253,169.42235348294153
0.45,24,3757.315744448335,800.0,67.71265958298426,1570.131454854391,3684.3095930352774,0.5644515612489992,68.86374908578253,169.42235348294153
0.45,25,3765.6344538649882,300.0,25.362661303231043,722.1203012388473,1425.2390818159677,0.1874833555259654,68.86374908578253,169.42235348294153
0.45,25,3765.6344538649882,400.0,33.816881737641395,878.1466593754487,1861.3127494285204,0.26205059920106527,68.86374908578253,169.42235348294153
0.45,25,3765.6344538649882,650.0,54.95243282366726,1271.2130616041945,2972.500466670598,0.45326231691078567,68.86374908578253,169.42235348294153
0.45,25,3765.6344538649882,800.0,67.63376347528279,1573.2640882532562,3684.6207679094455,0.5624500665778961,68.86374908578253,169.42235348294153
0.45,26,3765.6344538649882,300.0,25.362661303231043,725.1208081260897,1429.2397576656242,0.18774966711051932,68.86374908578253,169.42235348294153
0.45,26,3765.6344538649882,400.0,33.816881737641395,882.1473352251052,1861.3127494285204,0.2609853528628496,68.86374908578253,169.42235348294153
0.45,26,3765.6344538649882,650.0,54.95243282366726,1275.213737453851,2972.500466670598,0.4521970705725699,68.86374908578253,169.42235348294153
0.45,26,3765.6344538649882,800.0,67.63376347528279,1574.2642572156703,3684.6207679094455,0.5621837549933422,68.86374908578253,169.42235348294153
0.45,27,3769.8710708001,300.0,25.43379036143892,730.1668451652225,1453.3343855186336,0.1926044160681032,68.86374908578253,169.42235348294153
0.45,27,3769.8710708001,400.0,33.91172048191856,889.2036901392092,1869.430784947429,0.26097366320830007,68.86374908578253,169.42235348294153
0.45,27,3769.8710708001,650.0,55.10654578311765,1278.2938328743087,2971.686150741978,0.45065176908752325,68.86374908578253,169.42235348294153
0.45,27,3769.8710708001,800.0,67.82344096383711,1578.3633516931513,3717.8590208715,0.5693003458366586,68.86374908578253,169.42235348294153
0.45,28,3780.0117213715444,300.0,25.3571089062504,735.0022541099123,1468.0045330927617,0.1946949602122016,68.86374908578253,169.42235348294153
0.45,28,3780.0117213715444,400.0,33.8094785416672,896.0027546777687,1869.005779848727,0.2583554376657825,68.86374908578253,169.42235348294153
0.45,28,3780.0117213715444,650.0,54.94040263020919,1285.0039641243286,2972.009209204911,0.4477453580901857,68.86374908578253,169.42235348294153
0.45,28,3780.0117213715444,800.0,67.6189570833344,1583.0048906412305,3718.0115286062824,0.56657824933687,68.86374908578253,169.42235348294153
0.45,29,3782.4759625848073,300.0,25.338474835306208,745.0927445651732,1496.1875080596565,0.19936373276776248,68.86374908578253,169.42235348294153
0.45,29,3782.4759625848073,400.0,33.784633113741606,909.1134385905997,1879.235836180012,0.257423117709438,68.86374908578253,169.42235348294153
0.45,29,3782.4759625848073,650.0,54.90002880983011,1294.162019077119,2997.376908865541,0.4517497348886533,68.86374908578253,169.42235348294153
0.45,29,3782.4759625848073,800.0,67.56926622748321,1591.199495452434,3717.467760684486,0.5638918345705196,68.86374908578253,169.42235348294153
0.45,30,3794.4456350871737,300.0,25.48602200979401,750.0871485107052,1503.1758280087608,0.19926004228329813,68.86374908578253,169.42235348294153
0.45,30,3794.4456350871737,400.0,33.98136267972534,915.1065802732273,1885.2208154832058,0.25660676532769555,68.86374908578253,169.42235348294153
0.45,30,3794.4456350871737,650.0,55.21971435455368,1297.1515677476725,2997.351773785779,0.44952431289640593,68.86374908578253,169.42235348294153
0.45,30,3794.4456350871737,800.0,67.96272535945069,1596.1867804567278,3726.43762684565,0.5631606765327696,68.86374908578253,169.42235348294153
0.45,31,3795.1304198024536,300.0,25.48256987832318,755.0256704763086,1507.0515821517236,0.19894319682959052,68.86374908578253,169.42235348294153
0.45,31,3795.1304198024536,400.0,33.97675983776424,920.0313558838131,1886.0646413604763,0.25548216644649935,68.86374908578253,169.42235348294153
0.45,31,3795.1304198024536,650.0,55.21223473636689,1303.044552920627,2997.102923104341,0.44782034346103045,68.86374908578253,169.42235348294153
0.45,31,3795.1304198024536,800.0,67.95351967552848,1600.0547866541351,3727.1280767254216,0.56221928665786,68.86374908578253,169.42235348294153
0.45,32,3822.8425285997773,300.0,25.342867807339996,776.1693013922952,1527.3352874831749,0.19727177334732424,68.86374908578253,169.42235348294153
0.45,32,3822.8425285997773,400.0,33.79049040978666,948.2073168485286,1908.4194961391336,0.25209863588667364,68.86374908578253,169.42235348294153
0.45,32,3822.8425285997773,650.0,54.90954691590333,1326.2908624442043,3021.6654915041786,0.44491080797481636,68.86374908578253,169.42235348294153
0.45,32,3822.8425285997773,800.0,67.58098081957333,1620.355842351952,3750.826615152982,0.5590241343126967,68.86374908578253,169.42235348294153
0.45,33,3822.8425285997773,300.0,25.348625486366196,779.1699644525784,1530.3359505434578,0.1972717733473242,68.86374908578253,169.42235348294153
0.45,33,3822.8425285997773,400.0,33.79816731515493,950.2077588887174,1917.421485319983,0.2539349422875131,68.86374908578253,169.42235348294153
0.45,33,3822.8425285997773,650.0,54.92202188712675,1327.2910834642987,3021.6654915041786,0.4446484784889821,68.86374908578253,169.42235348294153
0.45,33,3822.8425285997773,800.0,67.59633463030985,1621.3560633720465,3750.826615152982,0.5587618048268626,68.86374908578253,169.42235348294153
0.45,34,3822.8425285997773,300.0,25.348625486366196,781.1704064927671,1532.3363925836466,0.1972717733473242,68.86374908578253,169.42235348294153
0.45,34,3822.8425285997773,400.0,33.79816731515493,952.2082009289061,1917.421485319983,0.2534102833158447,68.86374908578253,169.42235348294153
0.45,34,3822.8425285997773,650.0,54.92202188712675,1330.2917465245819,3021.6654915041786,0.44386149003147957,68.86374908578253,169.42235348294153
0.45,34,3822.8425285997773,800.0,67.59633463030985,1625.356947452424,3750.826615152982,0.5577124868835257,68.86374908578253,169.42235348294153
0.45,35,3837.0498574791054,300.0,25.467272909851427,794.0102138133312,1543.019971652853,0.1959759602822054,68.86374908578253,169.42235348294153
0.45,35,3837.0498574791054,400.0,33.956363879801906,965.0124415710858,1925.0249482812874,0.2511105304415992,68.86374908578253,169.42235348294153
0.45,35,3837.0498574791054,650.0,55.17909130467809,1343.0173660882276,3047.039565498835,0.44551868304154685,68.86374908578253,169.42235348294153
0.45,35,3837.0498574791054,800.0,67.91272775960381,1635.0211702125805,3777.0490758097176,0.5599686438463548,68.86374908578253,169.42235348294153
0.45,36,3837.0498574791054,300.0,25.476611682763508,797.0102528968006,1547.0200237641454,0.19623726156258164,68.86374908578253,169.42235348294153
0.45,36,3837.0498574791054,400.0,33.96881557701802,967.012467626732,1931.025026448226,0.2521557355631043,68.86374908578253,169.42235348294153
0.45,36,3837.0498574791054,650.0,55.19932531265427,1346.017405171697,3047.039565498835,0.44473477920041804,68.86374908578253,169.42235348294153
0.45,36,3837.0498574791054,800.0,67.93763115403604,1640.0212353516963,3777.0490758097176,0.5586621374444735,68.86374908578253,169.42235348294153
0.45,37,3844.809983529512,300.0,25.450300897259293,803.1675318046175,1550.3253454969872,0.19509650495565986,68.86374908578253,169.42235348294153
0.45,37,3844.809983529512,400.0,33.93373452967906,973.2034465672718,1933.4062593446147,0.25065206051121547,68.86374908578253,169.42235348294153
0.45,37,3844.809983529512,650.0,55.14231861072846,1353.28372662497,3047.641606671656,0.4420970266040689,68.86374908578253,169.42235348294153
0.45,37,3844.809983529512,800.0,67.86746905935811,1645.3454155114118,3784.7973077309284,0.5581637976004173,68.86374908578253,169.42235348294153
0.45,38,3851.3138325675095,300.0,25.42552981513061,807.0651196449636,1555.1262356982043,0.1950013017443374,68.86374908578253,169.42235348294153
0.45,38,3851.3138325675095,400.0,33.900706420174146,977.0790096570638,1942.1578559022205,0.251497005988024,68.86374908578253,169.42235348294153
0.45,38,3851.3138325675095,650.0,55.08864793278298,1358.110139625359,3047.2481409808715,0.43998958604530075,68.86374908578253,169.42235348294153
0.45,38,3851.3138325675095,800.0,67.80141284034829,1648.1338343518826,3784.308358268623,0.5563655298099452,68.86374908578253,169.42235348294153
0.45,39,3865.6344538649882,300.0,25.379205098580307,818.1329802134657,1564.2557564996605,0.19377431906614784,68.86374908578253,169.42235348294153
0.45,39,3865.6344538649882,400.0,33.83894013144041,988.1609587237245,1950.3192841758953,0.2498054474708171,68.86374908578253,169.42235348294153
0.45,39,3865.6344538649882,650.0,54.98827771359066,1368.2234989231267,3072.5039423436037,0.4422827496757457,68.86374908578253,169.42235348294153
0.45,39,3865.6344538649882,800.0,67.67788026288082,1657.2710623905668,3784.621122927747,0.5520103761348898,68.86374908578253,169.42235348294153
0.45,40,3865.6344538649882,300.0,25.379205098580307,820.1333093724099,1568.256414817549,0.19429312581063554,68.86374908578253,169.42235348294153
0.45,40,3865.6344538649882,400.0,33.83894013144041,989.1611233031966,1954.3199424937839,0.25058365758754864,68.86374908578253,169.42235348294153
0.45,40,3865.6344538649882,650.0,54.98827771359066,1368.2234989231267,3072.5039423436037,0.4422827496757457,68.86374908578253,169.42235348294153
0.45,40,3865.6344538649882,800.0,67.67788026288082,1662.2718852879275,3784.621122927747,0.5507133592736705,68.86374908578253,169.42235348294153
0.45,41,3865.6344538649882,300.0,25.379205098580307,823.1338031108263,1568.256414817549,0.19351491569390403,68.86374908578253,169.42235348294153
0.45,41,3865.6344538649882,400.0,33.83894013144041,991.1614524621409,1954.3199424937839,0.25006485084306096,68.86374908578253,169.42235348294153
0.45,41,3865.6344538649882,650.0,54.98827771359066,1371.223992661543,3072.5039423436037,0.44150453955901425,68.86374908578253,169.42235348294153
0.45,41,3865.6344538649882,800.0,67.67788026288082,1662.2718852879275,3784.621122927747,0.5507133592736705,68.86374908578253,169.42235348294153
0.45,42,3865.6344538649882,300.0,25.465826762789295,827.1344614287146,1572.2570731354374,0.193514915693904,68.86374908578253,169.42235348294153
0.45,42,3865.6344538649882,400.0,33.954435683719055,995.1621107800294,1958.3206008116722,0.2500648508430609,68.86374908578253,169.42235348294153
0.45,42,3865.6344538649882,650.0,55.175957986043464,1375.2246509794315,3072.5039423436037,0.44046692607003884,68.86374908578253,169.42235348294153
0.45,42,3865.6344538649882,800.0,67.90887136743811,1667.272708185288,3817.626554050327,0.5579766536964981,68.86374908578253,169.42235348294153
0.45,43,3869.8710708001,300.0,25.43379036143892,832.1855455293295,1575.3532588240882,0.19279606115573983,68.86374908578253,169.42235348294153
0.45,43,3869.8710708001,400.0,33.91172048191856,999.2232415188647,1961.440388476547,0.24954651464109873,68.86374908578253,169.42235348294153
0.45,43,3869.8710708001,650.0,55.10654578311765,1378.3087910999059,3071.6909426584884,0.4389738274164292,68.86374908578253,169.42235348294153
0.45,43,3869.8710708001,800.0,67.82344096383711,1668.3742512014942,3817.859333126712,0.5571391552215601,68.86374908578253,169.42235348294153
0.45,44,3882.4759625848073,300.0,25.54636343129321,850.1032563458775,1587.193851496963,0.190599173553719,68.86374908578253,169.42235348294153
0.45,44,3882.4759625848073,400.0,34.06181790839095,1016.1236617666104,1977.2417919432633,0.2484504132231405,68.86374908578253,169.42235348294153
0.45,44,3882.4759625848073,650.0,55.350454101135284,1394.1701271222553,3097.3794670711,0.4400826446280991,68.86374908578253,169.42235348294153
0.45,44,3882.4759625848073,800.0,68.1236358167819,1682.2055292979849,3826.469078828415,0.5539772727272726,68.86374908578253,169.42235348294153
0.45,45,3882.4759625848073,300.0,25.54636343129321,850.1032563458775,1587.193851496963,0.190599173553719,68.86374908578253,169.42235348294153
0.45,45,3882.4759625848073,400.0,34.06181790839095,1016.1236617666104,1977.2417919432633,0.2484504132231405,68.86374908578253,169.42235348294153
0.45,45,3882.4759625848073,650.0,55.350454101135284,1394.1701271222553,3097.3794670711,0.4400826446280991,68.86374908578253,169.42235348294153
0.45,45,3882.4759625848073,800.0,68.1236358167819,1682.2055292979849,3826.469078828415,0.5539772727272726,68.86374908578253,169.42235348294153
0.45,46,3894.4456350871737,300.0,25.48602200979401,859.0974109652448,1591.181397804537,0.18872296601441813,68.86374908578253,169.42235348294153
0.45,46,3894.4456350871737,400.0,33.98136267972534,1023.116227688802,1985.2266038355222,0.24794026776519051,68.86374908578253,169.42235348294153
0.45,46,3894.4456350871737,650.0,55.21971435455368,1400.15948320576,3097.35419040013,0.43717816683831107,68.86374908578253,169.42235348294153
0.45,46,3894.4456350871737,800.0,67.96272535945069,1686.1922977358658,3826.4378330310647,0.5512358393408856,68.86374908578253,169.42235348294153
0.45,47,3895.1304198024536,300.0,25.48256987832318,861.0285681472042,1595.053208593794,0.18918918918918917,68.86374908578253,169.42235348294153
0.45,47,3895.1304198024536,400.0,33.97675983776424,1026.0341072121732,1985.0663009291754,0.2471042471042471,68.86374908578253,169.42235348294153
0.45,47,3895.1304198024536,650.0,55.21223473636689,1400.0466624261032,3097.1036308700577,0.43706563706563706,68.86374908578253,169.42235348294153
0.45,47,3895.1304198024536,800.0,67.95351967552848,1691.0564313225032,3827.128137036285,0.5500643500643502,68.86374908578253,169.42235348294153
0.45,48,3895.1304198024536,300.0,25.48256987832318,866.0287359976578,1599.0533428741567,0.18893178893178894,68.86374908578253,169.42235348294153
0.45,48,3895.1304198024536,400.0,33.97675983776424,1029.0342079224454,1992.0665359198103,0.24813384813384817,68.86374908578253,169.42235348294153
0.45,48,3895.1304198024536,650.0,55.21223473636689,1415.047165977464,3098.103664440149,0.43346203346203355,68.86374908578253,169.42235348294153
0.45,48,3895.1304198024536,800.0,67.95351967552848,1692.0564648925938,3827.128137036285,0.5498069498069499,68.86374908578253,169.42235348294153
0.45,49,3908.691845929525,300.0,25.416394983983732,879.1542365604815,1607.2834473959597,0.18701898409440737,68.86374908578253,169.42235348294153
0.45,49,3908.691845929525,400.0,33.88852664531164,1040.1828120337123,2000.3531999486286,0.24653668547973318,68.86374908578253,169.42235348294153
0.45,49,3908.691845929525,650.0,55.06885579863142,1440.2538069982606,3122.552340824187,0.43175987685992817,68.86374908578253,169.42235348294153
0.45,49,3908.691845929525,800.0,67.77705329062329,1700.2999537252172,3850.6815516596653,0.551821446895844,68.86374908578253,169.42235348294153
0.45,50,3922.8425285997773,300.0,25.560381350884427,893.19017197178,1620.3467461773114,0.18609406952965238,68.86374908578253,169.42235348294153
0.45,50,3922.8425285997773,400.0,34.08050846784591,1052.2244158489182,2008.4303098523403,0.2446319018404908,68.86374908578253,169.42235348294153
0.45,50,3922.8425285997773,650.0,55.38082626024959,1468.3140098922484,3121.670016992308,0.4228016359918201,68.86374908578253,169.42235348294153
0.45,50,3922.8425285997773,800.0,68.16101693569182,1716.3674217257721,3876.83262156614,0.5524028629856851,68.86374908578253,169.42235348294153
0.45,51,3932.353788043629,300.0,25.50620391942867,900.0802833653314,1625.1456827359664,0.1851096379398266,68.86374908578253,169.42235348294153
0.45,51,3932.353788043629,400.0,34.00827189257157,1058.0945359178284,2017.1810434991237,0.24477307496175424,68.86374908578253,169.42235348294153
0.45,51,3932.353788043629,650.0,55.26344182542879,1482.1327832738964,3147.282976311286,0.42478327383987763,68.86374908578253,169.42235348294153
0.45,51,3932.353788043629,800.0,68.01654378514314,1721.1543425146988,3877.3488267120633,0.5499745028046914,68.86374908578253,169.42235348294153
0.45,52,3937.0498574791054,300.0,25.485950455675592,907.0113883775803,1629.020554942366,0.18411000763941937,68.86374908578253,169.42235348294153
0.45,52,3937.0498574791054,400.0,33.98126727423413,1063.0133689649854,2025.0255825873178,0.2452253628724217,68.86374908578253,169.42235348294153
0.45,52,3937.0498574791054,650.0,55.21955932063045,1491.0188028842767,3147.039827581348,0.4219505984211867,68.86374908578253,169.42235348294153
0.45,52,3937.0498574791054,800.0,67.96253454846826,1725.0217737653848,3877.0490957147185,0.5482556659027247,68.86374908578253,169.42235348294153
0.45,53,3937.0498574791054,300.0,25.495289228587676,911.0114391618727,1632.0205930305854,0.18385536032594854,68.86374908578253,169.42235348294153
0.45,53,3937.0498574791054,400.0,33.99371897145024,1066.013407053205,2025.0255825873178,0.24446142093200912,68.86374908578253,169.42235348294153
0.45,53,3937.0498574791054,650.0,55.23979332860663,1499.0189044528618,3147.039827581348,0.41991341991341996,68.86374908578253,169.42235348294153
0.45,53,3937.0498574791054,800.0,67.98743794290048,1726.0217864614579,3877.0490957147185,0.5480010185892538,68.86374908578253,169.42235348294153
0.45,54,3937.0498574791054,300.0,25.495289228587676,911.0114391618727,1632.0205930305854,0.18385536032594854,68.86374908578253,169.42235348294153
0.45,54,3937.0498574791054,400.0,33.99371897145024,1066.013407053205,2025.0255825873178,0.24446142093200912,68.86374908578253,169.42235348294153
0.45,54,3937.0498574791054,650.0,55.23979332860663,1499.0189044528618,3147.039827581348,0.41991341991341996,68.86374908578253,169.42235348294153
0.45,54,3937.0498574791054,800.0,67.98743794290048,1726.0217864614579,3877.0490957147185,0.5480010185892538,68.86374908578253,169.42235348294153
0.45,55,3937.0498574791054,300.0,25.50462800149976,915.011489946165,1636.0206438148778,0.18385536032594854,68.86374908578253,169.42235348294153
0.45,55,3937.0498574791054,400.0,34.00617066866635,1070.0134578374973,2025.0255825873178,0.24344283167812575,68.86374908578253,169.42235348294153
0.45,55,3937.0498574791054,650.0,55.26002733658281,1503.0189552371542,3147.039827581348,0.4188948306595366,68.86374908578253,169.42235348294153
0.45,55,3937.0498574791054,800.0,68.0123413373327,1732.0218626378964,3884.0491845872307,0.5482556659027248,68.86374908578253,169.42235348294153
0.45,56,3937.0498574791054,300.0,25.50462800149976,915.011489946165,1636.0206438148778,0.18385536032594854,68.86374908578253,169.42235348294153
0.45,56,3937.0498574791054,400.0,34.00617066866635,1070.0134578374973,2025.0255825873178,0.24344283167812575,68.86374908578253,169.42235348294153
0.45,56,3937.0498574791054,650.0,55.26002733658281,1503.0189552371542,3147.039827581348,0.4188948306595366,68.86374908578253,169.42235348294153
0.45,56,3937.0498574791054,800.0,68.0123413373327,1732.0218626378964,3884.0491845872307,0.5482556659027248,68.86374908578253,169.42235348294153
0.45,57,3951.3138325675095,300.0,25.451398105170153,923.0727046775276,1640.1298013410403,0.18218726211621417,68.86374908578253,169.42235348294153
0.45,57,3951.3138325675095,400.0,33.93519747356021,1076.084888484386,2033.1610970017944,0.24308551129155034,68.86374908578253,169.42235348294153
0.45,57,3951.3138325675095,650.0,55.14469589453533,1510.119449086847,3147.2498078569593,0.4156305506216696,68.86374908578253,169.42235348294153
0.45,57,3951.3138325675095,800.0,67.87039494712042,1737.1375257153231,3884.3084971749636,0.5450393301192591,68.86374908578253,169.42235348294153
0.45,58,3951.3138325675095,300.0,25.451398105170153,923.0727046775276,1640.1298013410403,0.18218726211621417,68.86374908578253,169.42235348294153
0.45,58,3951.3138325675095,400.0,33.93519747356021,1076.084888484386,2033.1610970017944,0.24308551129155034,68.86374908578253,169.42235348294153
0.45,58,3951.3138325675095,650.0,55.14469589453533,1510.119449086847,3147.2498078569593,0.4156305506216696,68.86374908578253,169.42235348294153
0.45,58,3951.3138325675095,800.0,67.87039494712042,1737.1375257153231,3884.3084971749636,0.5450393301192591,68.86374908578253,169.42235348294153
0.45,59,3951.3138325675095,300.0,25.451398105170153,927.0730232084259,1644.1301198719386,0.18218726211621417,68.86374908578253,169.42235348294153
0.45,59,3951.3138325675095,400.0,33.93519747356021,1078.085047749835,2042.1618136963154,0.244861710225831,68.86374908578253,169.42235348294153
0.45,59,3951.3138325675095,650.0,55.14469589453533,1513.1196879850206,3157.2506041842053,0.4174067495559503,68.86374908578253,169.42235348294153
0.45,59,3951.3138325675095,800.0,67.87039494712042,1740.137764613497,3884.3084971749636,0.5442781020045673,68.86374908578253,169.42235348294153
0.45,60,3957.315744448335,300.0,25.52873108424927,932.0737563672068,1649.1311135421388,0.1819103116290854,68.86374908578253,169.42235348294153
0.45,60,3957.315744448335,400.0,34.03830811233236,1083.0858357722482,2042.1625519936704,0.24322270078540664,68.86374908578253,169.42235348294153
0.45,60,3957.315744448335,650.0,55.312250682540075,1519.1207140543547,3172.2529475413317,0.4190524448948569,68.86374908578253,169.42235348294153
0.45,60,3957.315744448335,800.0,68.07661622466472,1745.138793163887,3917.3125446059403,0.5505447175069674,68.86374908578253,169.42235348294153
0.45,61,3957.315744448335,300.0,25.52873108424927,936.0740763514463,1653.1314335263783,0.1819103116290854,68.86374908578253,169.42235348294153
0.45,61,3957.315744448335,400.0,34.03830811233236,1086.0860757604278,2046.1628719779098,0.24347605776539147,68.86374908578253,169.42235348294153
0.45,61,3957.315744448335,650.0,55.312250682540075,1522.1209540425343,3172.2529475413317,0.4182923739549025,68.86374908578253,169.42235348294153
0.45,61,3957.315744448335,800.0,68.07661622466472,1750.1391931441863,3917.3125446059403,0.5492779326070434,68.86374908578253,169.42235348294153
0.45,62,3969.8710708001,300.0,25.609907115381684,946.2059414672628,1661.3632578658664,0.1808537509472089,68.86374908578253,169.42235348294153
0.45,62,3969.8710708001,400.0,34.14654282050891,1093.238284838724,2058.450606971105,0.24400101035615057,68.86374908578253,169.42235348294153
0.45,62,3969.8710708001,650.0,55.488132083326974,1531.3346548843022,3171.6954924978822,0.41449861076029304,68.86374908578253,169.42235348294153
0.45,62,3969.8710708001,800.0,68.29308564101783,1757.384380067637,3926.8616098138905,0.5481182116696136,68.86374908578253,169.42235348294153
0.45,63,3980.0117213715444,300.0,25.558786145256004,952.002781242316,1667.0048922701885,0.180352644836272,68.86374908578253,169.42235348294153
0.45,63,3980.0117213715444,400.0,34.078381527008005,1097.0032093528637,2062.00605850237,0.2433249370277078,68.86374908578253,169.42235348294153
0.45,63,3980.0117213715444,650.0,55.377369981388,1535.0045025419658,3178.009353477343,0.4141057934508816,68.86374908578253,169.42235348294153
0.45,63,3980.0117213715444,800.0,68.15676305401601,1762.0051727564094,3927.0115648897577,0.5455919395465995,68.86374908578253,169.42235348294153
0.45,64,3980.0117213715444,300.0,25.558786145256004,953.0027841948025,1667.0048922701885,0.18010075566750627,68.86374908578253,169.42235348294153
0.45,64,3980.0117213715444,400.0,34.078381527008005,1098.0032123053502,2062.00605850237,0.24307304785894204,68.86374908578253,169.42235348294153
0.45,64,3980.0117213715444,650.0,55.377369981388,1537.004508446939,3178.009353477343,0.4136020151133501,68.86374908578253,169.42235348294153
0.45,64,3980.0117213715444,800.0,68.15676305401601,1762.0051727564094,3927.0115648897577,0.5455919395465995,68.86374908578253,169.42235348294153
0.45,65,3995.1304198024536,300.0,25.494844123552788,978.0316803936701,1687.0548843183726,0.178168130489335,68.86374908578253,169.42235348294153
0.45,65,3995.1304198024536,400.0,33.993125498070384,1127.0365568179022,2085.067909934778,0.24065244667503138,68.86374908578253,169.42235348294153
0.45,65,3995.1304198024536,650.0,55.23882893436438,1559.050695175408,3222.1051213062688,0.4175658720200752,68.86374908578253,169.42235348294153
0.45,65,3995.1304198024536,800.0,67.98625099614077,1786.0581243586344,3951.1289797845598,0.5435382685069009,68.86374908578253,169.42235348294153
0.45,66,4008.691845929525,300.0,25.416394983983732,982.1682026622057,1691.2908936987321,0.1775887943971986,68.86374908578253,169.42235348294153
0.45,66,4008.691845929525,400.0,33.88852664531164,1131.193986815157,2092.360285949292,0.24062031015507754,68.86374908578253,169.42235348294153
0.45,66,4008.691845929525,650.0,55.06885579863142,1563.2687435539149,3222.5558301965066,0.41520760380190097,68.86374908578253,169.42235348294153
0.45,66,4008.691845929525,800.0,67.77705329062329,1790.3080254513643,3950.6818091451546,0.540520260130065,68.86374908578253,169.42235348294153
0.45,67,4008.691845929525,300.0,25.650927694788415,986.1688948542312,1695.2915858907577,0.1775887943971986,68.86374908578253,169.42235348294153
0.45,67,4008.691845929525,400.0,34.20123692638456,1136.194852055189,2092.360285949292,0.2393696848424212,68.86374908578253,169.42235348294153
0.45,67,4008.691845929525,650.0,55.577010005374895,1566.2692626979342,3222.5558301965066,0.41445722861430717,68.86374908578253,169.42235348294153
0.45,67,4008.691845929525,800.0,68.40247385276912,1795.308890691396,3976.6863083933204,0.5457728864432216,68.86374908578253,169.42235348294153
0.45,68,4022.8425285997773,300.0,25.577654387963022,1002.2083221263657,1712.3574236482607,0.17721834496510472,68.86374908578253,169.42235348294153
0.45,68,4022.8425285997773,400.0,34.1035391839507,1152.2398224478927,2109.4407944992354,0.2387836490528415,68.86374908578253,169.42235348294153
0.45,68,4022.8425285997773,650.0,55.418251173919884,1580.3297033653168,3246.679566936411,0.41550348953140587,68.86374908578253,169.42235348294153
0.45,68,4022.8425285997773,800.0,68.2070783679014,1810.378003858325,3976.832868501176,0.5401296111665005,68.86374908578253,169.42235348294153
0.45,69,4032.353788043629,300.0,25.522514086319624,1006.0876113603815,1716.150065241778,0.17677772252610643,68.86374908578253,169.42235348294153
0.45,69,4032.353788043629,400.0,34.03001878175951,1156.1008058423668,2117.185338490285,0.23918448533068126,68.86374908578253,169.42235348294153
0.45,69,4032.353788043629,650.0,55.29878052035919,1583.1383661344178,3247.28473692124,0.4139731476877176,68.86374908578253,169.42235348294153
0.45,69,4032.353788043629,800.0,68.06003756351902,1811.1584217470352,3977.348950066901,0.5387866732968672,68.86374908578253,169.42235348294153
0.45,70,4037.0498574791054,300.0,25.51396677441184,1013.0124179417787,1720.0211711669408,0.1758132604916812,68.86374908578253,169.42235348294153
0.45,70,4037.0498574791054,400.0,34.01862236588246,1162.0142626808865,2119.0261111058935,0.23789421405512787,68.86374908578253,169.42235348294153
0.45,70,4037.0498574791054,650.0,55.28026134455899,1588.0195369014225,3247.040076647595,0.41221753166128633,68.86374908578253,169.42235348294153
0.45,70,4037.0498574791054,800.0,68.03724473176491,1817.0223721044808,3984.0492012967384,0.5383660293022101,68.86374908578253,169.42235348294153
0.45,71,4037.0498574791054,300.0,25.523305547323925,1018.0124798457756,1725.0212330709378,0.1758132604916812,68.86374908578253,169.42235348294153
0.45,71,4037.0498574791054,400.0,34.03107406309857,1167.0143245848833,2125.02618539069,0.23814253786938172,68.86374908578253,169.42235348294153
0.45,71,4037.0498574791054,650.0,55.30049535253517,1592.01958642462,3247.040076647595,0.4112242364042712,68.86374908578253,169.42235348294153
0.45,71,4037.0498574791054,800.0,68.06214812619714,1821.0224216276783,3984.0492012967384,0.5373727340451949,68.86374908578253,169.42235348294153
0.45,72,4051.3138325675095,300.0,25.57411627267406,1029.0791376852985,1733.1338118074284,0.1744617668893838,68.86374908578253,169.42235348294153
0.45,72,4051.3138325675095,400.0,34.098821696898746,1175.090476352672,2133.1648766495478,0.2373174956693888,68.86374908578253,169.42235348294153
0.45,72,4051.3138325675095,650.0,55.41058525746046,1600.1234827474239,3257.2521688559027,0.4102944815639693,68.86374908578253,169.42235348294153
0.45,72,4051.3138325675095,800.0,68.19764339379749,1832.141500355853,4017.311192055929,0.5409552091066567,68.86374908578253,169.42235348294153
0.45,73,4051.3138325675095,300.0,25.57411627267406,1032.0793706716145,1738.134200117955,0.1749566938876516,68.86374908578253,169.42235348294153
0.45,73,4051.3138325675095,400.0,34.098821696898746,1178.090709338988,2142.1655756084956,0.23880227666419204,68.86374908578253,169.42235348294153
0.45,73,4051.3138325675095,650.0,55.41058525746046,1600.1234827474239,3272.253333787482,0.4140064340509774,68.86374908578253,169.42235348294153
0.45,73,4051.3138325675095,800.0,68.19764339379749,1837.1418886663796,4017.311192055929,0.5397178916109874,68.86374908578253,169.42235348294153
0.45,74,4057.315744448335,300.0,25.52873108424927,1038.0802039270789,1742.1351295736388,0.1742031134173462,68.86374908578253,169.42235348294153
0.45,74,4057.315744448335,400.0,34.03830811233236,1183.091516737805,2142.166337327366,0.23721275018532242,68.86374908578253,169.42235348294153
0.45,74,4057.315744448335,650.0,55.312250682540075,1606.1245189373715,3272.2544992316452,0.41191005683222137,68.86374908578253,169.42235348294153
0.45,74,4057.315744448335,800.0,68.07661622466472,1842.1429315120704,4017.312623672962,0.5376822337533975,68.86374908578253,169.42235348294153
0.45,75,4065.6344538649882,300.0,25.631264716281933,1047.1622512103559,1751.2724005373477,0.17385943279901359,68.86374908578253,169.42235348294153
0.45,75,4065.6344538649882,400.0,34.17501962170925,1190.184625292401,2150.334828920117,0.23699136868064122,68.86374908578253,169.42235348294153
0.45,75,4065.6344538649882,650.0,55.53440688527752,1616.2512781522003,3272.5103794100105,0.4086313193588163,68.86374908578253,169.42235348294153
0.45,75,4065.6344538649882,800.0,68.3500392434185,1850.2878902864559,4026.6283518426126,0.5368680641183724,68.86374908578253,169.42235348294153
0.45,76,4080.0117213715444,300.0,25.558786145256004,1059.003021061118,1761.0050427817137,0.17272727272727273,68.86374908578253,169.42235348294153
0.45,76,4080.0117213715444,400.0,34.078381527008005,1200.0034271332036,2167.0062120389243,0.23783783783783788,68.86374908578253,169.42235348294153
0.45,76,4080.0117213715444,650.0,55.377369981388,1626.0046539892915,3297.009466375496,0.41081081081081083,68.86374908578253,169.42235348294153
0.45,76,4080.0117213715444,800.0,68.15676305401601,1860.0053278961568,4027.0115687345196,0.5326781326781327,68.86374908578253,169.42235348294153
0.45,77,4095.1304198024536,300.0,25.7346294960248,1079.0341294415723,1783.0566057061812,0.17258261933904528,68.86374908578253,169.42235348294153
0.45,77,4095.1304198024536,400.0,34.31283932803308,1225.0387907123577,2185.069440164097,0.23525091799265607,68.86374908578253,169.42235348294153
0.45,77,4095.1304198024536,650.0,55.75836390805374,1648.0522956270304,3322.105740608501,0.41003671970624234,68.86374908578253,169.42235348294153
0.45,77,4095.1304198024536,800.0,68.62567865606616,1881.0597345043798,4077.1298451252337,0.5378212974296206,68.86374908578253,169.42235348294153
0.45,78,4122.842528599777,300.0,25.583412066989222,1098.222925855194,1803.3673768918775,0.17169260700389102,68.86374908578253,169.42235348294153
0.45,78,4122.842528599777,400.0,34.111216089318965,1250.2540699084932,2208.4503594023126,0.23321984435797663,68.86374908578253,169.42235348294153
0.45,78,4122.842528599777,650.0,55.43072614514331,1669.3399209501533,3346.6835300118814,0.4080739299610895,68.86374908578253,169.42235348294153
0.45,78,4122.842528599777,800.0,68.22243217863793,1900.3872517153645,4084.834742586452,0.5313715953307393,68.86374908578253,169.42235348294153
0.45,79,4122.842528599777,300.0,25.594927425041618,1103.2239503306314,1807.3681964722275,0.17144941634241248,68.86374908578253,169.42235348294153
0.45,79,4122.842528599777,400.0,34.12656990005549,1254.254889488843,2209.4505642974004,0.23249027237354086,68.86374908578253,169.42235348294153
0.45,79,4122.842528599777,650.0,55.45567608759017,1672.3405356354158,3346.6835300118814,0.4073443579766537,68.86374908578253,169.42235348294153
0.45,79,4122.842528599777,800.0,68.25313980011099,1905.388276190802,4084.834742586452,0.5301556420233463,68.86374908578253,169.42235348294153
0.45,80,4137.049857479105,300.0,25.681977435904717,1114.0133372078828,1817.0218300132647,0.17058395929246425,68.86374908578253,169.42235348294153
0.45,80,4137.049857479105,400.0,34.24263658120629,1264.015149328519,2225.0267589813952,0.2330991034649866,68.86374908578253,169.42235348294153
0.45,80,4137.049857479105,650.0,55.64428444446022,1682.020199104692,3347.0403136437544,0.4036830627574509,68.86374908578253,169.42235348294153
0.45,80,4137.049857479105,800.0,68.48527316241258,1917.023038093689,4118.049627943825,0.533559486309668,68.86374908578253,169.42235348294153
0.45,81,4151.31383256751,300.0,25.703457722871775,1128.0847294881614,1829.137855938252,0.16952426950012076,68.86374908578253,169.42235348294153
0.45,81,4151.31383256751,400.0,34.27127696382903,1275.0958701274815,2233.168473749716,0.2315865732914755,68.86374908578253,169.42235348294153
0.45,81,4151.31383256751,650.0,55.690825066222175,1691.1273973788905,3372.254794757781,0.4061820816227965,68.86374908578253,169.42235348294153
0.45,81,4151.31383256751,800.0,68.54255392765806,1928.145358817794,4127.312013687621,0.5312726394590679,68.86374908578253,169.42235348294153
0.45,82,4165.634453864988,300.0,25.631264716281933,1140.1725470198403,1837.2789764648214,0.16799037304452466,68.86374908578253,169.42235348294153
0.45,82,4165.634453864988,400.0,34.17501962170925,1285.1946880091118,2250.3420401101257,0.23249097472924185,68.86374908578253,169.42235348294153
0.45,82,4165.634453864988,650.0,55.53440688527752,1700.2580570473717,3372.5133655581444,0.402647412755716,68.86374908578253,169.42235348294153
0.45,82,4165.634453864988,800.0,68.3500392434185,1937.294246112595,4126.628498702356,0.5270758122743683,68.86374908578253,169.42235348294153
0.45,83,4182.475962584807,300.0,25.590534453007834,1162.1314259102824,1861.211171319386,0.16778523489932887,68.86374908578253,169.42235348294153
0.45,83,4182.475962584807,400.0,34.12071260401044,1306.1478541490678,2267.2574898259613,0.23058485139022053,68.86374908578253,169.42235348294153
0.45,83,4182.475962584807,650.0,55.44615798151697,1724.1955416755418,3397.3864058664294,0.40124640460210925,68.86374908578253,169.42235348294153
0.45,83,4182.475962584807,800.0,68.24142520802089,1960.222465733551,4151.472425950069,0.5254074784276127,68.86374908578253,169.42235348294153
0.45,84,4194.445635087174,300.0,25.738081627495628,1173.1238703648146,1870.1981073762295,0.1668260038240918,68.86374908578253,169.42235348294153
0.45,84,4194.445635087174,400.0,34.31744216999418,1319.139420728755,2277.241456678448,0.229206500956023,68.86374908578253,169.42235348294153
0.45,84,4194.445635087174,650.0,55.76584352624053,1736.1838351243937,3422.363409875105,0.4032026768642447,68.86374908578253,169.42235348294153
0.45,84,4194.445635087174,800.0,68.63488433998836,1970.2087583104355,4176.443717919017,0.5274856596558317,68.86374908578253,169.42235348294153
0.45,85,4208.691845929525,300.0,25.657500284874764,1182.1931499355414,1882.3085125250286,0.16698427822772746,68.86374908578253,169.42235348294153
0.45,85,4208.691845929525,400.0,34.210000379833026,1330.217540883033,2292.3760820417283,0.22939494997617912,68.86374908578253,169.42235348294153
0.45,85,4208.691845929525,650.0,55.59125061722866,1745.2859344182289,3422.5623102219006,0.39971414959504525,68.86374908578253,169.42235348294153
0.45,85,4208.691845929525,800.0,68.42000075966605,1981.324828091256,4176.686572211148,0.5231062410671748,68.86374908578253,169.42235348294153
0.45,86,4208.691845929525,300.0,25.659691148236885,1186.1938091503384,1882.3085125250286,0.166031443544545,68.86374908578253,169.42235348294153
0.45,86,4208.691845929525,400.0,34.21292153098252,1334.21820009783,2292.3760820417283,0.22844211529299666,68.86374908578253,169.42235348294153
0.45,86,4208.691845929525,650.0,55.59599748784658,1748.2864288293267,3422.5623102219006,0.3989995235826584,68.86374908578253,169.42235348294153
0.45,86,4208.691845929525,800.0,68.42584306196504,1985.3254873060532,4176.686572211148,0.5221534063839923,68.86374908578253,169.42235348294153
0.45,87,4222.842528599777,300.0,25.594927425041618,1200.2380363327957,1898.377657643965,0.16595441595441598,68.86374908578253,169.42235348294153
0.45,87,4222.842528599777,400.0,34.12656990005549,1353.2686410041551,2309.459870192519,0.22720797720797722,68.86374908578253,169.42235348294153
0.45,87,4222.842528599777,650.0,55.45567608759017,1765.3510535832406,3446.687304907131,0.3993352326685661,68.86374908578253,169.42235348294153
0.45,87,4222.842528599777,800.0,68.25313980011099,2000.3980607582046,4184.8349274395705,0.5187559354226021,68.86374908578253,169.42235348294153
0.45,88,4232.353788043629,300.0,25.717488119902914,1206.1002203932212,1903.1586264250566,0.16532449076267172,68.86374908578253,169.42235348294153
0.45,88,4232.353788043629,400.0,34.28998415987055,1357.1128736368469,2317.1933180996334,0.22761724301279018,68.86374908578253,169.42235348294153
0.45,88,4232.353788043629,650.0,55.72122425978964,1768.1473139224772,3447.288007936038,0.3979156797726196,68.86374908578253,169.42235348294153
0.45,88,4232.353788043629,800.0,68.5799683197411,2006.167257445543,4217.352531098898,0.5239223117006159,68.86374908578253,169.42235348294153
0.45,89,4237.049857479105,300.0,25.681977435904717,1211.0141657990077,1908.0223869163335,0.16512893304944404,68.86374908578253,169.42235348294153
0.45,89,4237.049857479105,400.0,34.24263658120629,1361.0159350495082,2319.027234662705,0.2268748521409983,68.86374908578253,169.42235348294153
0.45,89,4237.049857479105,650.0,55.64428444446022,1773.020794590883,3447.040539426469,0.39626212443813574,68.86374908578253,169.42235348294153
0.45,89,4237.049857479105,800.0,68.48527316241258,2011.0236018016772,4218.049633374042,0.5223562810503903,68.86374908578253,169.42235348294153
0.45,90,4244.8099835295125,300.0,25.736244876913908,1220.2314785240224,1916.3646265014766,0.16461974492205955,68.86374908578253,169.42235348294153
0.45,90,4244.8099835295125,400.0,34.314993169218546,1369.259982904253,2327.443252677818,0.22649976381672177,68.86374908578253,169.42235348294153
0.45,90,4244.8099835295125,650.0,55.76186389998013,1781.3388003851599,3471.66210510053,0.3993859234766179,68.86374908578253,169.42235348294153
0.45,90,4244.8099835295125,800.0,68.62998633843709,2016.3837569580073,4226.806540047337,0.5222012281530467,68.86374908578253,169.42235348294153
0.45,91,4251.31383256751,300.0,25.703457722871775,1230.0902795879185,1926.1417833528294,0.16434803112473476,68.86374908578253,169.42235348294153
0.45,91,4251.31383256751,400.0,34.27127696382903,1377.101157538266,2337.1721972140053,0.22659750058948364,68.86374908578253,169.42235348294153
0.45,91,4251.31383256751,650.0,55.690825066222175,1788.131571399442,3472.2561868306343,0.3973119547276586,68.86374908578253,169.42235348294153
0.45,91,4251.31383256751,800.0,68.54255392765806,2028.1493313183767,4227.312056575617,0.5187455788729075,68.86374908578253,169.42235348294153
0.45,92,4265.634453864988,300.0,25.717886380490917,1245.18414818408,1939.287629025984,0.16333725029377202,68.86374908578253,169.42235348294153
0.45,92,4265.634453864988,400.0,34.29051517398789,1390.205768821077,2350.348912348783,0.22585193889541716,68.86374908578253,169.42235348294153
0.45,92,4265.634453864988,650.0,55.72208715773032,1800.2669030360348,3477.516956885996,0.3943595769682726,68.86374908578253,169.42235348294153
0.45,92,4265.634453864988,800.0,68.58103034797578,2042.302987133644,4250.632217247367,0.5191539365452408,68.86374908578253,169.42235348294153
0.45,93,4269.8710708001,300.0,25.685849979140542,1251.253815182654,1946.3959598659294,0.16341864287391408,68.86374908578253,169.42235348294153
0.45,93,4269.8710708001,400.0,34.247799972187394,1395.28326674293,2358.480224052274,0.22634421225639825,68.86374908578253,169.42235348294153
0.45,93,4269.8710708001,650.0,55.65267495480451,1806.3673264045503,3496.712973188342,0.3970415590514205,68.86374908578253,169.42235348294153
0.45,93,4269.8710708001,800.0,68.49559994437479,2047.4166168630672,4250.867184830341,0.5174923691007278,68.86374908578253,169.42235348294153
0.45,94,4282.475962584807,300.0,25.79842304899483,1268.1401593941218,1961.2173696167977,0.16245318352059926,68.86374908578253,169.42235348294153
0.45,94,4282.475962584807,400.0,34.39789739865978,1418.1568715635321,2375.2634952043704,0.224250936329588,68.86374908578253,169.42235348294153
0.45,94,4282.475962584807,650.0,55.896583272822134,1824.2021058354028,3497.38850223156,0.39185393258426965,68.86374908578253,169.42235348294153
0.45,94,4282.475962584807,800.0,68.79579479731956,2063.228733891997,4276.475294098032,0.5182584269662922,68.86374908578253,169.42235348294153
0.45,95,4294.445635087174,300.0,25.738081627495628,1272.131277189546,1965.2033652183534,0.1619981325863679,68.86374908578253,169.42235348294153
0.45,95,4294.445635087174,400.0,34.31744216999418,1426.147296751503,2377.246222747746,0.2222222222222223,68.86374908578253,169.42235348294153
0.45,95,4294.445635087174,650.0,55.76584352624053,1827.1890100264698,3522.365329231129,0.3958916900093371,68.86374908578253,169.42235348294153
0.45,95,4294.445635087174,800.0,68.63488433998836,2068.2140796007016,4276.443762670842,0.515639589169001,68.86374908578253,169.42235348294153
0.45,96,4308.691845929525,300.0,25.664072874961118,1284.2050748520742,1977.3166265573234,0.16147045137273153,68.86374908578253,169.42235348294153
0.45,96,4308.691845929525,400.0,34.2187638332815,1446.2311518740805,2392.3834288050552,0.22033503955328057,68.86374908578253,169.42235348294153
0.45,96,4308.691845929525,650.0,55.605491229082425,1839.2944127978365,3522.565324082013,0.39181014425314103,68.86374908578253,169.42235348294153
0.45,96,4308.691845929525,800.0,68.437527666563,2080.3332063923026,4284.687982667006,0.5130293159609122,68.86374908578253,169.42235348294153
0.45,97,4322.842528599777,300.0,25.789410252481257,1299.2518597785513,1994.3876569438678,0.16141001855287568,68.86374908578253,169.42235348294153
0.45,97,4322.842528599777,400.0,34.38588033664168,1473.2858579177816,2409.4687444598485,0.21730055658627087,68.86374908578253,169.42235348294153
0.45,97,4322.842528599777,650.0,55.87705554704272,1857.360888294014,3546.690904714474,0.3919294990723562,68.86374908578253,169.42235348294153
0.45,97,4322.842528599777,800.0,68.77176067328335,2095.40739149595,4317.8415516417535,0.5155380333951761,68.86374908578253,169.42235348294153
0.45,98,4337.049857479105,300.0,25.775365165025548,1314.0150252259657,2008.0230217802755,0.16061936676681302,68.86374908578253,169.42235348294153
0.45,98,4337.049857479105,400.0,34.367153553367395,1492.0170762153996,2425.027826626309,0.21585394037439332,68.86374908578253,169.42235348294153
0.45,98,4337.049857479105,650.0,55.846624524222015,1871.0214432097562,3547.0407547731907,0.38756644326323086,68.86374908578253,169.42235348294153
0.45,98,4337.049857479105,800.0,68.73430710673479,2111.024208588768,4327.04974225498,0.5123642246360065,68.86374908578253,169.42235348294153
